GeneID,GeneLength
EG10001,0.674074
EG10002,0.428986
EG10003,0.664042
EG10004,0.573301
EG10005,0.654288
EG10006,0.508576
EG10007,0.518828
EG10008,0.502146
EG10011,0.586873
EG10012,0.483159
EG10013,0.553288
EG10014,0.484265
EG10015,0.690335
EG10016,0.474708
EG10017,0.641975
EG10018,0.562597
EG10020,0.646638
EG10021,0.704284
EG10022,0.623755
EG10023,0.560549
EG10024,0.613363
EG10025,0.533545
EG10026,0.516983
EG10027,0.605154
EG10028,0.442645
EG10029,0.461972
EG10030,0.634731
EG10031,0.517937
EG10032,0.567442
EG10033,0.492754
EG10034,0.548081
EG10035,0.590278
EG10036,0.505376
EG10037,0.568356
EG10039,0.581443
EG10040,0.548501
EG10041,0.597826
EG10042,0.463158
EG10043,0.642375
EG10044,0.572271
EG10045,0.615536
EG10046,0.542502
EG10047,0.740741
EG10048,0.533808
EG10049,0.506543
EG10050,0.552000
EG10051,0.554348
EG10052,0.495010
EG10054,0.550626
EG10056,0.518675
EG10057,0.531313
EG10058,0.488449
EG10059,0.502533
EG10060,0.523207
EG10061,0.635983
EG10062,0.596491
EG10063,0.551051
EG10064,0.612613
EG10065,0.517413
EG10066,0.524161
EG10067,0.579104
EG10068,0.625000
EG10069,0.567164
EG10070,0.530786
EG10071,0.546713
EG10072,0.643678
EG10073,0.643302
EG10074,0.596878
EG10075,0.556169
EG10076,0.571805
EG10077,0.590965
EG10078,0.492997
EG10079,0.579297
EG10080,0.498567
EG10081,0.601533
EG10082,0.727619
EG10083,0.610619
EG10084,0.561863
EG10085,0.560000
EG10087,0.621167
EG10088,0.561594
EG10089,0.504831
EG10090,0.501618
EG10091,0.684794
EG10092,0.539339
EG10093,0.601307
EG10094,0.425410
EG10095,0.638831
EG10096,0.518892
EG10097,0.595601
EG10098,0.569390
EG10099,0.634804
EG10100,0.538095
EG10101,0.617498
EG10102,0.608333
EG10103,0.679406
EG10104,0.673611
EG10105,0.621723
EG10106,0.372703
EG10107,0.673046
EG10108,0.484076
EG10109,0.588869
EG10110,0.503734
EG10111,0.568027
EG10112,0.563422
EG10113,0.704403
EG10115,0.560170
EG10117,0.617054
EG10118,0.568684
EG10119,0.579365
EG10120,0.589971
EG10121,0.583550
EG10122,0.570687
EG10123,0.594203
EG10124,0.528706
EG10125,0.742138
EG10126,0.532249
EG10127,0.491335
EG10128,0.610667
EG10129,0.568841
EG10130,0.531303
EG10131,0.508380
EG10133,0.504224
EG10134,0.591819
EG10135,0.502793
EG10136,0.613398
EG10137,0.558192
EG10138,0.537037
EG10139,0.545455
EG10140,0.641745
EG10141,0.467991
EG10142,0.586895
EG10143,0.533808
EG10144,0.509978
EG10145,0.508500
EG10146,0.563868
EG10147,0.495238
EG10148,0.499419
EG10149,0.488095
EG10150,0.487179
EG10151,0.582946
EG10152,0.526912
EG10153,0.555016
EG10154,0.618667
EG10155,0.521084
EG10156,0.541941
EG10157,0.564103
EG10158,0.592949
EG10159,0.580392
EG10160,0.515432
EG10162,0.519329
EG10163,0.577875
EG10164,0.622433
EG10165,0.498039
EG10166,0.647887
EG10167,0.510921
EG10168,0.489929
EG10169,0.527607
EG10170,0.608559
EG10172,0.662900
EG10173,0.571064
EG10174,0.577193
EG10175,0.581741
EG10176,0.509091
EG10177,0.512554
EG10178,0.713080
EG10179,0.649598
EG10180,0.643902
EG10181,0.575758
EG10182,0.592593
EG10183,0.511840
EG10184,0.582564
EG10185,0.471947
EG10186,0.552255
EG10187,0.681265
EG10188,0.589520
EG10189,0.435374
EG10190,0.530064
EG10191,0.526667
EG10192,0.582305
EG10193,0.535088
EG10194,0.509804
EG10195,0.511308
EG10196,0.623377
EG10197,0.501199
EG10200,0.547758
EG10201,0.595710
EG10202,0.524407
EG10203,0.498753
EG10204,0.561529
EG10205,0.666667
EG10206,0.681265
EG10207,0.547879
EG10208,0.514184
EG10209,0.608485
EG10210,0.532751
EG10211,0.618746
EG10212,0.616813
EG10213,0.668493
EG10214,0.592834
EG10215,0.569312
EG10216,0.557576
EG10217,0.596721
EG10218,0.591252
EG10219,0.551776
EG10220,0.619281
EG10221,0.712821
EG10222,0.544444
EG10223,0.642951
EG10224,0.699187
EG10225,0.545455
EG10226,0.534314
EG10228,0.588745
EG10229,0.568273
EG10230,0.614035
EG10231,0.692308
EG10232,0.490798
EG10233,0.530744
EG10234,0.502315
EG10235,0.643875
EG10236,0.475989
EG10237,0.620596
EG10238,0.558714
EG10239,0.548683
EG10240,0.670203
EG10241,0.716745
EG10242,0.584923
EG10243,0.513661
EG10244,0.607407
EG10245,0.701863
EG10246,0.493010
EG10247,0.687664
EG10248,0.547264
EG10249,0.580888
EG10250,0.515695
EG10251,0.587719
EG10252,0.499192
EG10253,0.520000
EG10254,0.424797
EG10255,0.543967
EG10256,0.457944
EG10257,0.578366
EG10258,0.612779
EG10259,0.514056
EG10260,0.538462
EG10261,0.498299
EG10263,0.507759
EG10264,0.492530
EG10265,0.603486
EG10267,0.508857
EG10268,0.493438
EG10269,0.643016
EG10270,0.549669
EG10271,0.560544
EG10272,0.690141
EG10273,0.612717
EG10274,0.556921
EG10275,0.509554
EG10276,0.651852
EG10277,0.675052
EG10278,0.529210
EG10279,0.500457
EG10280,0.665175
EG10281,0.575000
EG10282,0.575926
EG10283,0.524525
EG10284,0.690323
EG10285,0.482309
EG10286,0.490323
EG10287,0.600221
EG10288,0.526527
EG10289,0.480669
EG10290,0.513021
EG10291,0.666667
EG10292,0.496855
EG10293,0.497992
EG10294,0.555904
EG10295,0.551471
EG10296,0.507463
EG10297,0.497354
EG10298,0.525680
EG10299,0.497091
EG10300,0.585903
EG10301,0.488696
EG10302,0.610517
EG10303,0.534544
EG10304,0.558897
EG10305,0.543210
EG10306,0.526941
EG10307,0.411277
EG10308,0.448087
EG10309,0.676617
EG10310,0.438017
EG10311,0.499810
EG10312,0.505863
EG10313,0.508475
EG10315,0.549280
EG10316,0.578947
EG10317,0.525253
EG10318,0.696798
EG10319,0.459413
EG10320,0.564103
EG10321,0.582498
EG10322,0.584946
EG10323,0.587065
EG10324,0.695652
EG10325,0.602922
EG10326,0.645833
EG10327,0.537431
EG10328,0.652826
EG10329,0.590123
EG10330,0.624655
EG10331,0.555102
EG10332,0.707071
EG10333,0.544444
EG10334,0.547009
EG10335,0.792115
EG10336,0.542553
EG10337,0.472843
EG10338,0.606965
EG10339,0.535234
EG10340,0.511211
EG10341,0.508206
EG10342,0.594465
EG10343,0.542714
EG10344,0.568675
EG10345,0.589235
EG10346,0.586345
EG10347,0.569444
EG10349,0.514640
EG10350,0.459479
EG10351,0.503046
EG10353,0.519126
EG10355,0.548463
EG10356,0.564663
EG10357,0.533090
EG10358,0.522792
EG10359,0.680089
EG10360,0.585343
EG10361,0.560500
EG10362,0.635202
EG10363,0.565709
EG10364,0.525194
EG10365,0.501441
EG10366,0.582617
EG10367,0.704819
EG10368,0.498039
EG10369,0.598076
EG10370,0.571939
EG10371,0.553846
EG10372,0.498512
EG10374,0.548480
EG10375,0.522751
EG10376,0.560897
EG10377,0.587169
EG10378,0.550526
EG10379,0.578704
EG10380,0.641340
EG10381,0.493414
EG10382,0.460109
EG10383,0.609929
EG10384,0.778761
EG10385,0.550355
EG10386,0.613119
EG10387,0.550476
EG10388,0.557576
EG10389,0.511757
EG10390,0.547748
EG10391,0.514426
EG10392,0.525397
EG10393,0.527288
EG10394,0.650730
EG10395,0.697248
EG10396,0.631206
EG10397,0.517449
EG10398,0.489066
EG10399,0.519963
EG10401,0.534216
EG10402,0.546729
EG10403,0.607487
EG10404,0.545455
EG10405,0.608828
EG10406,0.548922
EG10407,0.542373
EG10408,0.486443
EG10409,0.546053
EG10410,0.630918
EG10411,0.602701
EG10412,0.542498
EG10413,0.486195
EG10414,0.557734
EG10415,0.603774
EG10416,0.616162
EG10417,0.705426
EG10418,0.620424
EG10419,0.609884
EG10420,0.515843
EG10421,0.556237
EG10422,0.676245
EG10423,0.586758
EG10424,0.596273
EG10425,0.507812
EG10426,0.553771
EG10427,0.523469
EG10428,0.533333
EG10429,0.547771
EG10430,0.418354
EG10431,0.531672
EG10432,0.640125
EG10433,0.629442
EG10434,0.685046
EG10435,0.565174
EG10436,0.615873
EG10437,0.602654
EG10438,0.796117
EG10439,0.876712
EG10440,0.746667
EG10441,0.526316
EG10442,0.764045
EG10443,0.580499
EG10444,0.739837
EG10445,0.610487
EG10446,0.612512
EG10447,0.527203
EG10448,0.594595
EG10449,0.671111
EG10450,0.524535
EG10451,0.503268
EG10452,0.529716
EG10453,0.646275
EG10454,0.634686
EG10455,0.748971
EG10456,0.547439
EG10457,0.729469
EG10458,0.577358
EG10459,0.519784
EG10460,0.560573
EG10461,0.573867
EG10462,0.596372
EG10463,0.557193
EG10464,0.562432
EG10465,0.620795
EG10466,0.644689
EG10467,0.630037
EG10469,0.500557
EG10471,0.506803
EG10476,0.503558
EG10477,0.487013
EG10478,0.499415
EG10480,0.494792
EG10481,0.452555
EG10482,0.546003
EG10483,0.461538
EG10484,0.568156
EG10485,0.520147
EG10486,0.549020
EG10487,0.478734
EG10488,0.568401
EG10489,0.607514
EG10490,0.601790
EG10491,0.589091
EG10492,0.587859
EG10493,0.406472
EG10494,0.635879
EG10495,0.547425
EG10496,0.521880
EG10497,0.606452
EG10499,0.508130
EG10500,0.586667
EG10501,0.575758
EG10502,0.790378
EG10503,0.434004
EG10504,0.876712
EG10505,0.564160
EG10506,0.615101
EG10507,0.518900
EG10508,0.580000
EG10509,0.490716
EG10510,0.592145
EG10511,0.557542
EG10512,0.452799
EG10514,0.500732
EG10516,0.510242
EG10517,0.628319
EG10518,0.545029
EG10519,0.605087
EG10520,0.680751
EG10521,0.494901
EG10522,0.622017
EG10523,0.647202
EG10525,0.550323
EG10527,0.497561
EG10528,0.469799
EG10529,0.603333
EG10530,0.596923
EG10531,0.503704
EG10532,0.591560
EG10533,0.581281
EG10534,0.607143
EG10535,0.700224
EG10536,0.546218
EG10537,0.606771
EG10538,0.580367
EG10539,0.572464
EG10540,0.565766
EG10541,0.563380
EG10542,0.637792
EG10543,0.689123
EG10544,0.514768
EG10545,0.552598
EG10546,0.593560
EG10547,0.642424
EG10548,0.715152
EG10549,0.511481
EG10550,0.474074
EG10551,0.536325
EG10552,0.648221
EG10553,0.558630
EG10554,0.515533
EG10555,0.471197
EG10556,0.469136
EG10557,0.623907
EG10558,0.510753
EG10559,0.495114
EG10560,0.592314
EG10561,0.525659
EG10562,0.545455
EG10563,0.483365
EG10564,0.542199
EG10565,0.549862
EG10566,0.612245
EG10567,0.658436
EG10568,0.581773
EG10569,0.589202
EG10570,0.581132
EG10571,0.634538
EG10572,0.555556
EG10573,0.611511
EG10574,0.547826
EG10575,0.517670
EG10576,0.541001
EG10577,0.491150
EG10578,0.509142
EG10579,0.393776
EG10580,0.589091
EG10581,0.509677
EG10582,0.485788
EG10583,0.552189
EG10584,0.564987
EG10585,0.597082
EG10586,0.600787
EG10587,0.605320
EG10588,0.710692
EG10589,0.609524
EG10590,0.531854
EG10591,0.467505
EG10592,0.533859
EG10593,0.568569
EG10594,0.522255
EG10595,0.647739
EG10596,0.609195
EG10597,0.637146
EG10598,0.501873
EG10599,0.653309
EG10600,0.564626
EG10601,0.484234
EG10602,0.513484
EG10603,0.677966
EG10604,0.507849
EG10605,0.534122
EG10606,0.499474
EG10607,0.596586
EG10608,0.662835
EG10609,0.590580
EG10610,0.568507
EG10611,0.488288
EG10612,0.526776
EG10613,0.586621
EG10614,0.633745
EG10615,0.554859
EG10616,0.612707
EG10617,0.504418
EG10618,0.587312
EG10619,0.550136
EG10620,0.574032
EG10621,0.552419
EG10622,0.597498
EG10623,0.573034
EG10624,0.657971
EG10625,0.548790
EG10626,0.574359
EG10627,0.562203
EG10629,0.630631
EG10630,0.647510
EG10631,0.524954
EG10632,0.569191
EG10633,0.659176
EG10634,0.597610
EG10635,0.662558
EG10636,0.520885
EG10637,0.492170
EG10638,0.516026
EG10639,0.515919
EG10640,0.539823
EG10641,0.514768
EG10642,0.540230
EG10643,0.632873
EG10645,0.511494
EG10646,0.567613
EG10647,0.499676
EG10648,0.505747
EG10649,0.619157
EG10650,0.740741
EG10651,0.701632
EG10652,0.587832
EG10653,0.525943
EG10654,0.545229
EG10655,0.550459
EG10656,0.451613
EG10657,0.622711
EG10658,0.552657
EG10660,0.557305
EG10661,0.670203
EG10662,0.553459
EG10663,0.637681
EG10664,0.504375
EG10665,0.548387
EG10666,0.533333
EG10667,0.772894
EG10668,0.542636
EG10669,0.628242
EG10670,0.715580
EG10671,0.648301
EG10672,0.619444
EG10673,0.710692
EG10674,0.637255
EG10675,0.516830
EG10676,0.539054
EG10677,0.524655
EG10678,0.595025
EG10679,0.383562
EG10680,0.634259
EG10681,0.525054
EG10682,0.478723
EG10683,0.499266
EG10684,0.605364
EG10685,0.574380
EG10686,0.586985
EG10687,0.632858
EG10688,0.605052
EG10689,0.657097
EG10690,0.566524
EG10691,0.476768
EG10692,0.543536
EG10693,0.557377
EG10694,0.541005
EG10695,0.626886
EG10696,0.603138
EG10697,0.556561
EG10698,0.618619
EG10699,0.506750
EG10700,0.576344
EG10701,0.669295
EG10702,0.566061
EG10703,0.573883
EG10704,0.605010
EG10705,0.515033
EG10706,0.633880
EG10707,0.585702
EG10708,0.562092
EG10709,0.552846
EG10710,0.571189
EG10711,0.607143
EG10713,0.496831
EG10714,0.513274
EG10718,0.484507
EG10720,0.508564
EG10723,0.508961
EG10724,0.482759
EG10725,0.450593
EG10727,0.576271
EG10728,0.611594
EG10729,0.433712
EG10730,0.487018
EG10731,0.678571
EG10732,0.546201
EG10733,0.527778
EG10734,0.572526
EG10735,0.504132
EG10736,0.431290
EG10738,0.604598
EG10739,0.557185
EG10740,0.628713
EG10741,0.604582
EG10742,0.661679
EG10743,0.610487
EG10744,0.598826
EG10745,0.562995
EG10746,0.585576
EG10747,0.537415
EG10748,0.561692
EG10749,0.538259
EG10750,0.536232
EG10751,0.699371
EG10752,0.563515
EG10753,0.495455
EG10754,0.572426
EG10755,0.640301
EG10756,0.573906
EG10757,0.537522
EG10758,0.561616
EG10759,0.561580
EG10760,0.626647
EG10761,0.602031
EG10762,0.612022
EG10763,0.548431
EG10764,0.673016
EG10765,0.435606
EG10766,0.644144
EG10767,0.681021
EG10768,0.668478
EG10769,0.525926
EG10770,0.624782
EG10771,0.553616
EG10772,0.602817
EG10773,0.509567
EG10774,0.607595
EG10775,0.540764
EG10776,0.657698
EG10777,0.711111
EG10778,0.472222
EG10779,0.432432
EG10780,0.539683
EG10781,0.575221
EG10782,0.646465
EG10783,0.571059
EG10784,0.595833
EG10785,0.652991
EG10786,0.558671
EG10787,0.574616
EG10788,0.418605
EG10789,0.535880
EG10790,0.592764
EG10791,0.596639
EG10792,0.550388
EG10793,0.666667
EG10794,0.570487
EG10795,0.579874
EG10796,0.580524
EG10797,0.513374
EG10798,0.514451
EG10799,0.500782
EG10800,0.530214
EG10801,0.490537
EG10802,0.523526
EG10803,0.594595
EG10804,0.634112
EG10805,0.611111
EG10806,0.681948
EG10807,0.664688
EG10808,0.598131
EG10809,0.644986
EG10810,0.586081
EG10811,0.709957
EG10812,0.552754
EG10813,0.478261
EG10814,0.529880
EG10815,0.628507
EG10816,0.635611
EG10817,0.600000
EG10818,0.548387
EG10819,0.533736
EG10820,0.503205
EG10821,0.528418
EG10822,0.529825
EG10823,0.721281
EG10824,0.514253
EG10825,0.560404
EG10826,0.571429
EG10827,0.517493
EG10828,0.458101
EG10829,0.625360
EG10830,0.565167
EG10831,0.626955
EG10832,0.491084
EG10833,0.511475
EG10834,0.603960
EG10835,0.586130
EG10836,0.791667
EG10837,0.528190
EG10838,0.655949
EG10839,0.662577
EG10840,0.530797
EG10841,0.477612
EG10842,0.515901
EG10844,0.611374
EG10845,0.700000
EG10846,0.497823
EG10847,0.498584
EG10848,0.504530
EG10849,0.502686
EG10850,0.438479
EG10851,0.427350
EG10852,0.600221
EG10853,0.514815
EG10854,0.664830
EG10855,0.687285
EG10856,0.604709
EG10857,0.602056
EG10858,0.576241
EG10859,0.639046
EG10860,0.786325
EG10861,0.536013
EG10862,0.483333
EG10864,0.695035
EG10865,0.593674
EG10866,0.580952
EG10867,0.676568
EG10868,0.529630
EG10869,0.670412
EG10870,0.591111
EG10871,0.670683
EG10872,0.587413
EG10873,0.737705
EG10874,0.587413
EG10875,0.526882
EG10876,0.335632
EG10877,0.681265
EG10878,0.473958
EG10879,0.666667
EG10880,0.689655
EG10881,0.571429
EG10882,0.762763
EG10883,0.792079
EG10884,0.774603
EG10885,0.771930
EG10886,0.632911
EG10887,0.718750
EG10888,0.822222
EG10889,0.694836
EG10890,0.919540
EG10891,0.797619
EG10892,0.468085
EG10893,0.608081
EG10894,0.598163
EG10895,0.604640
EG10896,0.733985
EG10897,0.654971
EG10898,0.553696
EG10899,0.746377
EG10900,0.606930
EG10901,0.553719
EG10902,0.589744
EG10903,0.521739
EG10904,0.591270
EG10905,0.580808
EG10906,0.596296
EG10907,0.722646
EG10908,0.580153
EG10909,0.589744
EG10910,0.728205
EG10911,0.645333
EG10912,0.644258
EG10913,0.477124
EG10914,0.444444
EG10915,0.634538
EG10916,0.447059
EG10917,0.464912
EG10918,0.566308
EG10919,0.704545
EG10920,0.583333
EG10921,0.714859
EG10922,0.513144
EG10923,0.532680
EG10924,0.478734
EG10925,0.639847
EG10926,0.710084
EG10927,0.536384
EG10928,0.591319
EG10929,0.513131
EG10930,0.586081
EG10931,0.573854
EG10932,0.532775
EG10933,0.512821
EG10934,0.563218
EG10935,0.533887
EG10936,0.606800
EG10937,0.696581
EG10938,0.654762
EG10939,0.463542
EG10940,0.497942
EG10941,0.570402
EG10942,0.547425
EG10943,0.530651
EG10944,0.639092
EG10945,0.623323
EG10946,0.519743
EG10947,0.692962
EG10948,0.571260
EG10949,0.678014
EG10950,0.564499
EG10951,0.604651
EG10952,0.567251
EG10953,0.518519
EG10954,0.481100
EG10955,0.595238
EG10956,0.636190
EG10957,0.486022
EG10958,0.506173
EG10959,0.598887
EG10960,0.603692
EG10961,0.565543
EG10962,0.578616
EG10963,0.567474
EG10965,0.695513
EG10966,0.569938
EG10967,0.626087
EG10968,0.535272
EG10969,0.546099
EG10970,0.483871
EG10971,0.561538
EG10972,0.488889
EG10973,0.511387
EG10974,0.465116
EG10975,0.603745
EG10976,0.528864
EG10977,0.669797
EG10978,0.730924
EG10979,0.638829
EG10980,0.600985
EG10981,0.574122
EG10982,0.572414
EG10983,0.659204
EG10984,0.713725
EG10985,0.683761
EG10986,0.617021
EG10987,0.506866
EG10988,0.504212
EG10989,0.513312
EG10990,0.507071
EG10991,0.489489
EG10993,0.582846
EG10994,0.511327
EG10995,0.692218
EG10996,0.632979
EG10997,0.523077
EG10998,0.605765
EG10999,0.649518
EG11000,0.590521
EG11001,0.623121
EG11002,0.525786
EG11003,0.640493
EG11004,0.588064
EG11005,0.549435
EG11006,0.520833
EG11007,0.524487
EG11008,0.558391
EG11009,0.634278
EG11010,0.643579
EG11011,0.652681
EG11012,0.550000
EG11013,0.588915
EG11014,0.479103
EG11015,0.518229
EG11017,0.518257
EG11018,0.487508
EG11019,0.553377
EG11020,0.517147
EG11021,0.523416
EG11022,0.595822
EG11023,0.695312
EG11024,0.617100
EG11025,0.614740
EG11026,0.565345
EG11027,0.477444
EG11028,0.506718
EG11029,0.593272
EG11030,0.515423
EG11031,0.600000
EG11032,0.532091
EG11033,0.715962
EG11034,0.497585
EG11035,0.644068
EG11036,0.643038
EG11037,0.664979
EG11038,0.552688
EG11039,0.495544
EG11040,0.619765
EG11041,0.521452
EG11042,0.588846
EG11043,0.486275
EG11044,0.505263
EG11045,0.569554
EG11046,0.518018
EG11047,0.555809
EG11048,0.524743
EG11049,0.515366
EG11050,0.524194
EG11051,0.649746
EG11052,0.484365
EG11053,0.465152
EG11055,0.508830
EG11056,0.474389
EG11057,0.452381
EG11058,0.626087
EG11059,0.708087
EG11060,0.532365
EG11061,0.593695
EG11062,0.545994
EG11063,0.583742
EG11064,0.576052
EG11065,0.516529
EG11066,0.494515
EG11067,0.559524
EG11068,0.505308
EG11069,0.664437
EG11070,0.700422
EG11071,0.532887
EG11072,0.560175
EG11073,0.577447
EG11074,0.480726
EG11075,0.487973
EG11078,0.532009
EG11079,0.634820
EG11080,0.560000
EG11081,0.538381
EG11082,0.546448
EG11083,0.524252
EG11084,0.614379
EG11085,0.605096
EG11086,0.584699
EG11087,0.623782
EG11088,0.593464
EG11089,0.603448
EG11090,0.635193
EG11091,0.610442
EG11093,0.510417
EG11094,0.535328
EG11095,0.484536
EG11096,0.684685
EG11097,0.810345
EG11098,0.559671
EG11100,0.612121
EG11101,0.452083
EG11102,0.458238
EG11104,0.530775
EG11105,0.487923
EG11107,0.676768
EG11108,0.482353
EG11109,0.614108
EG11110,0.577778
EG11111,0.542222
EG11112,0.510638
EG11113,0.684848
EG11116,0.695157
EG11117,0.609626
EG11118,0.597917
EG11119,0.578544
EG11120,0.533997
EG11121,0.656642
EG11122,0.659259
EG11123,0.586022
EG11124,0.632238
EG11126,0.487026
EG11128,0.495413
EG11130,0.538462
EG11131,0.812500
EG11132,0.621103
EG11133,0.584946
EG11134,0.605072
EG11135,0.482866
EG11136,0.514096
EG11137,0.564103
EG11138,0.618102
EG11139,0.573574
EG11140,0.566210
EG11143,0.669433
EG11144,0.558025
EG11145,0.502283
EG11146,0.497175
EG11147,0.722689
EG11149,0.492147
EG11151,0.807018
EG11152,0.650104
EG11153,0.513661
EG11154,0.512346
EG11156,0.521277
EG11157,0.510823
EG11158,0.451730
EG11159,0.575472
EG11160,0.548200
EG11161,0.596639
EG11162,0.513725
EG11164,0.482143
EG11165,0.664944
EG11166,0.534854
EG11167,0.488372
EG11171,0.595661
EG11172,0.486352
EG11175,0.497382
EG11176,0.470056
EG11177,0.647619
EG11178,0.706468
EG11179,0.719647
EG11180,0.729927
EG11181,0.574359
EG11182,0.523457
EG11183,0.602953
EG11184,0.589569
EG11187,0.571767
EG11188,0.752914
EG11189,0.639583
EG11190,0.595833
EG11191,0.546064
EG11192,0.594907
EG11193,0.671515
EG11194,0.557471
EG11195,0.646986
EG11196,0.596491
EG11197,0.582878
EG11198,0.564551
EG11199,0.707207
EG11201,0.590395
EG11202,0.580195
EG11203,0.745656
EG11204,0.538462
EG11205,0.631681
EG11207,0.500000
EG11208,0.498400
EG11209,0.510949
EG11210,0.508748
EG11211,0.615542
EG11212,0.450704
EG11214,0.678788
EG11215,0.489451
EG11217,0.607595
EG11218,0.631884
EG11219,0.517241
EG11221,0.616531
EG11222,0.515901
EG11223,0.486172
EG11225,0.548387
EG11226,0.615776
EG11228,0.497175
EG11231,0.585859
EG11232,0.598291
EG11233,0.615975
EG11235,0.593407
EG11236,0.593205
EG11237,0.496659
EG11238,0.545073
EG11239,0.612943
EG11240,0.653333
EG11241,0.513557
EG11242,0.494343
EG11244,0.591093
EG11245,0.488613
EG11246,0.462671
EG11247,0.592934
EG11249,0.630952
EG11250,0.619048
EG11251,0.641975
EG11252,0.666667
EG11253,0.507576
EG11254,0.594017
EG11255,0.528302
EG11256,0.689655
EG11257,0.494624
EG11258,0.435897
EG11259,0.618346
EG11260,0.516765
EG11261,0.603043
EG11262,0.509306
EG11265,0.517544
EG11266,0.535266
EG11268,0.691983
EG11269,0.431373
EG11270,0.565657
EG11275,0.383838
EG11277,0.424242
EG11279,0.607407
EG11280,0.620690
EG11281,0.567100
EG11284,0.570175
EG11285,0.549813
EG11286,0.654514
EG11287,0.610169
EG11288,0.589659
EG11289,0.500000
EG11290,0.497409
EG11291,0.671937
EG11292,0.488136
EG11293,0.592949
EG11294,0.492958
EG11295,0.643744
EG11296,0.493131
EG11297,0.481659
EG11298,0.518519
EG11299,0.619048
EG11301,0.310078
EG11302,0.484018
EG11305,0.754902
EG11306,0.641822
EG11309,0.445993
EG11311,0.575569
EG11312,0.541106
EG11313,0.519807
EG11314,0.678337
EG11315,0.576410
EG11316,0.518956
EG11317,0.660215
EG11318,0.623129
EG11319,0.693069
EG11320,0.728889
EG11321,0.606884
EG11322,0.658174
EG11323,0.728843
EG11324,0.522477
EG11325,0.588939
EG11326,0.520249
EG11327,0.620635
EG11328,0.660714
EG11329,0.610076
EG11331,0.538071
EG11332,0.606061
EG11333,0.550291
EG11334,0.508616
EG11335,0.545012
EG11336,0.548023
EG11337,0.636735
EG11338,0.480000
EG11339,0.558222
EG11340,0.563910
EG11341,0.575845
EG11342,0.459877
EG11343,0.528117
EG11344,0.588979
EG11345,0.604361
EG11346,0.609524
EG11347,0.520796
EG11348,0.682171
EG11350,0.617521
EG11351,0.561111
EG11352,0.637255
EG11353,0.666667
EG11354,0.620631
EG11355,0.500000
EG11356,0.387681
EG11357,0.514179
EG11358,0.550794
EG11360,0.540606
EG11361,0.496224
EG11362,0.422869
EG11363,0.553064
EG11366,0.593103
EG11367,0.581066
EG11368,0.524476
EG11369,0.562249
EG11370,0.611684
EG11371,0.518868
EG11372,0.662698
EG11373,0.620424
EG11374,0.654167
EG11375,0.594918
EG11376,0.550602
EG11377,0.607046
EG11378,0.493225
EG11379,0.485488
EG11380,0.532039
EG11381,0.457711
EG11383,0.593272
EG11384,0.652482
EG11385,0.665390
EG11387,0.504032
EG11388,0.579075
EG11389,0.486339
EG11390,0.643678
EG11391,0.603960
EG11392,0.600519
EG11393,0.704331
EG11394,0.697531
EG11395,0.577778
EG11396,0.558233
EG11398,0.600601
EG11399,0.525994
EG11400,0.524691
EG11401,0.647975
EG11402,0.483092
EG11403,0.527886
EG11404,0.637363
EG11405,0.554612
EG11406,0.682243
EG11407,0.558891
EG11408,0.547152
EG11409,0.536981
EG11410,0.659420
EG11411,0.520015
EG11412,0.490310
EG11413,0.621622
EG11414,0.584541
EG11415,0.515873
EG11417,0.568490
EG11418,0.532646
EG11419,0.639798
EG11421,0.477778
EG11422,0.509985
EG11423,0.554935
EG11424,0.717460
EG11425,0.635193
EG11426,0.725352
EG11427,0.533133
EG11428,0.695218
EG11429,0.537037
EG11430,0.604278
EG11431,0.678261
EG11432,0.524173
EG11433,0.604069
EG11434,0.651042
EG11435,0.468966
EG11436,0.519608
EG11437,0.603175
EG11438,0.557265
EG11439,0.545809
EG11440,0.650980
EG11441,0.608908
EG11442,0.633790
EG11443,0.515152
EG11444,0.496970
EG11447,0.505376
EG11448,0.584992
EG11449,0.602381
EG11450,0.607670
EG11451,0.622458
EG11452,0.570071
EG11453,0.509363
EG11454,0.596372
EG11455,0.509630
EG11456,0.606543
EG11457,0.551367
EG11458,0.558704
EG11459,0.603175
EG11460,0.554968
EG11462,0.530719
EG11463,0.557308
EG11464,0.608924
EG11466,0.493827
EG11467,0.517094
EG11468,0.669887
EG11469,0.560386
EG11470,0.536829
EG11471,0.684444
EG11472,0.549020
EG11473,0.555556
EG11474,0.785479
EG11476,0.580134
EG11478,0.570370
EG11479,0.651223
EG11481,0.510856
EG11484,0.546341
EG11485,0.567766
EG11486,0.530775
EG11487,0.666667
EG11488,0.484848
EG11489,0.429825
EG11491,0.581159
EG11492,0.534553
EG11493,0.535802
EG11494,0.608016
EG11495,0.457243
EG11497,0.653061
EG11498,0.542373
EG11499,0.585921
EG11500,0.579104
EG11501,0.488536
EG11502,0.498765
EG11503,0.562147
EG11504,0.595588
EG11505,0.822511
EG11506,0.597416
EG11507,0.504762
EG11508,0.753623
EG11510,0.556362
EG11511,0.482993
EG11512,0.472663
EG11514,0.528105
EG11515,0.474074
EG11516,0.482714
EG11517,0.538081
EG11518,0.492637
EG11519,0.562189
EG11521,0.685990
EG11523,0.491228
EG11527,0.641975
EG11528,0.707224
EG11529,0.595833
EG11530,0.588375
EG11531,0.591819
EG11532,0.546210
EG11533,0.473118
EG11534,0.570048
EG11535,0.503497
EG11536,0.529483
EG11537,0.564815
EG11538,0.452575
EG11539,0.636364
EG11540,0.499162
EG11541,0.515784
EG11542,0.657097
EG11543,0.535211
EG11544,0.488636
EG11545,0.584906
EG11546,0.552573
EG11547,0.666667
EG11548,0.492961
EG11549,0.542787
EG11551,0.511318
EG11552,0.454545
EG11553,0.599402
EG11554,0.819753
EG11555,0.561845
EG11556,0.635220
EG11557,0.559796
EG11558,0.541828
EG11559,0.513957
EG11560,0.484689
EG11562,0.500649
EG11563,0.503185
EG11565,0.500000
EG11568,0.482109
EG11569,0.625902
EG11570,0.637255
EG11571,0.491503
EG11572,0.592275
EG11573,0.573557
EG11574,0.640244
EG11575,0.656766
EG11576,0.532477
EG11577,0.487179
EG11578,0.553459
EG11579,0.505176
EG11580,0.502596
EG11581,0.561694
EG11583,0.485971
EG11584,0.512227
EG11585,0.518987
EG11586,0.559748
EG11587,0.478836
EG11589,0.482490
EG11590,0.432099
EG11591,0.657321
EG11592,0.583333
EG11594,0.538784
EG11595,0.515152
EG11596,0.541910
EG11597,0.390244
EG11598,0.476821
EG11599,0.474886
EG11600,0.565012
EG11601,0.530245
EG11602,0.553326
EG11603,0.557604
EG11604,0.526222
EG11605,0.599156
EG11606,0.578947
EG11607,0.579125
EG11608,0.643395
EG11609,0.595122
EG11610,0.577073
EG11612,0.636061
EG11613,0.546229
EG11614,0.615385
EG11615,0.520179
EG11616,0.641509
EG11617,0.491453
EG11618,0.663900
EG11619,0.634175
EG11620,0.619121
EG11621,0.571705
EG11622,0.533559
EG11623,0.564327
EG11624,0.578875
EG11625,0.639344
EG11626,0.546722
EG11627,0.636771
EG11628,0.521858
EG11629,0.481581
EG11630,0.546737
EG11631,0.505241
EG11632,0.491726
EG11636,0.634761
EG11637,0.546547
EG11639,0.486667
EG11640,0.680135
EG11643,0.518519
EG11644,0.519084
EG11645,0.458574
EG11647,0.643750
EG11648,0.557214
EG11649,0.557377
EG11650,0.634207
EG11651,0.487179
EG11652,0.513109
EG11653,0.535826
EG11654,0.485944
EG11656,0.506550
EG11657,0.620087
EG11659,0.661836
EG11660,0.520730
EG11661,0.743590
EG11663,0.582064
EG11664,0.648402
EG11665,0.630170
EG11666,0.617284
EG11667,0.506842
EG11668,0.506494
EG11672,0.513080
EG11673,0.644986
EG11674,0.611650
EG11675,0.447799
EG11676,0.704331
EG11677,0.552614
EG11678,0.518160
EG11679,0.623148
EG11680,0.699725
EG11681,0.618056
EG11682,0.565041
EG11683,0.508091
EG11684,0.581287
EG11685,0.498491
EG11688,0.476190
EG11689,0.606213
EG11690,0.565121
EG11692,0.542162
EG11693,0.533333
EG11694,0.510040
EG11695,0.617080
EG11696,0.678161
EG11697,0.560000
EG11698,0.603266
EG11699,0.618858
EG11700,0.638889
EG11701,0.685358
EG11702,0.542636
EG11703,0.624791
EG11704,0.556825
EG11705,0.500669
EG11707,0.498881
EG11711,0.493724
EG11712,0.690691
EG11713,0.572115
EG11714,0.497653
EG11715,0.496520
EG11716,0.524272
EG11717,0.539249
EG11718,0.536232
EG11719,0.560122
EG11720,0.496599
EG11721,0.647917
EG11722,0.512000
EG11723,0.585538
EG11724,0.505232
EG11725,0.588589
EG11726,0.576923
EG11727,0.414966
EG11728,0.492393
EG11729,0.499145
EG11730,0.488981
EG11731,0.581162
EG11732,0.509804
EG11733,0.660895
EG11734,0.480751
EG11735,0.518868
EG11736,0.618056
EG11737,0.535168
EG11738,0.591195
EG11739,0.502234
EG11740,0.488396
EG11741,0.497738
EG11742,0.501779
EG11743,0.507375
EG11744,0.537911
EG11746,0.650235
EG11747,0.666667
EG11748,0.593577
EG11749,0.580488
EG11750,0.591581
EG11751,0.512281
EG11752,0.579276
EG11753,0.563124
EG11754,0.502120
EG11755,0.603286
EG11757,0.658009
EG11758,0.493540
EG11759,0.545455
EG11760,0.571429
EG11761,0.572650
EG11762,0.656814
EG11767,0.512000
EG11768,0.673973
EG11769,0.390244
EG11773,0.628758
EG11774,0.621824
EG11775,0.748299
EG11776,0.554248
EG11779,0.572222
EG11781,0.509395
EG11782,0.571429
EG11783,0.568438
EG11784,0.583333
EG11785,0.546485
EG11786,0.583815
EG11787,0.484848
EG11788,0.472050
EG11792,0.516919
EG11793,0.707071
EG11794,0.657584
EG11795,0.544662
EG11796,0.485742
EG11797,0.582545
EG11799,0.632219
EG11800,0.517388
EG11801,0.558685
EG11802,0.577778
EG11803,0.548057
EG11804,0.485380
EG11805,0.570281
EG11806,0.624242
EG11807,0.627451
EG11808,0.467354
EG11809,0.525869
EG11810,0.647182
EG11811,0.527675
EG11816,0.575000
EG11817,0.614173
EG11819,0.531435
EG11820,0.673611
EG11821,0.484848
EG11822,0.548009
EG11823,0.519540
EG11824,0.609091
EG11825,0.570470
EG11826,0.509858
EG11827,0.511111
EG11828,0.390152
EG11829,0.533333
EG11830,0.600000
EG11831,0.640324
EG11832,0.531097
EG11833,0.572347
EG11835,0.560784
EG11836,0.524017
EG11837,0.569079
EG11838,0.554149
EG11839,0.472987
EG11840,0.516588
EG11841,0.517094
EG11843,0.506627
EG11844,0.532902
EG11845,0.486312
EG11846,0.566553
EG11848,0.479376
EG11849,0.508906
EG11850,0.533333
EG11851,0.604811
EG11852,0.643836
EG11853,0.539394
EG11855,0.666667
EG11856,0.503145
EG11857,0.708749
EG11858,0.664045
EG11859,0.645084
EG11860,0.530303
EG11861,0.498571
EG11862,0.509804
EG11863,0.495868
EG11865,0.444444
EG11866,0.484848
EG11867,0.514286
EG11870,0.562963
EG11871,0.466403
EG11872,0.630739
EG11873,0.679956
EG11874,0.566667
EG11875,0.630385
EG11876,0.686667
EG11877,0.606061
EG11878,0.682927
EG11879,0.427984
EG11880,0.483279
EG11881,0.648649
EG11882,0.509031
EG11883,0.527694
EG11884,0.558923
EG11885,0.501302
EG11886,0.571541
EG11887,0.661905
EG11888,0.430380
EG11889,0.504708
EG11890,0.349206
EG11891,0.511804
EG11892,0.649789
EG11893,0.640960
EG11894,0.526316
EG11895,0.504249
EG11896,0.568065
EG11897,0.690972
EG11899,0.503704
EG11902,0.459161
EG11904,0.472826
EG11905,0.591252
EG11906,0.502798
EG11909,0.448598
EG11910,0.477807
EG11912,0.538012
EG11913,0.586854
EG11914,0.564014
EG11915,0.678571
EG11916,0.653130
EG11917,0.706897
EG11918,0.478873
EG11919,0.626225
EG11920,0.437681
EG11921,0.570447
EG11922,0.791209
EG11923,0.773663
EG11928,0.552381
EG11929,0.534884
EG11932,0.606936
EG11933,0.633745
EG11934,0.442577
EG11935,0.513189
EG11936,0.694678
EG11937,0.496454
EG11938,0.500315
EG11939,0.534815
EG11940,0.643636
EG11942,0.490909
EG11950,0.499162
EG11951,0.472464
EG11956,0.522581
EG11957,0.500000
EG11958,0.544343
EG11959,0.511416
EG11960,0.625369
EG11961,0.513285
EG11962,0.486486
EG11963,0.592779
EG11964,0.705234
EG11965,0.646259
EG11966,0.530184
EG11967,0.469586
EG11968,0.593607
EG11969,0.544601
EG11970,0.406504
EG11971,0.591854
EG11973,0.493927
EG11974,0.492593
EG11975,0.512195
EG11976,0.659259
EG11977,0.508906
EG11978,0.541950
EG11979,0.587814
EG11980,0.548077
EG11981,0.637681
EG11982,0.666667
EG11983,0.684794
EG11984,0.697124
EG11985,0.588025
EG11987,0.486957
EG11988,0.511084
EG11990,0.467772
EG11991,0.539007
EG11995,0.501514
EG11998,0.508724
EG11999,0.510526
EG12002,0.517150
EG12004,0.584416
EG12005,0.751592
EG12006,0.519444
EG12007,0.552788
EG12009,0.560109
EG12010,0.504854
EG12011,0.530225
EG12012,0.490196
EG12013,0.587467
EG12015,0.634512
EG12017,0.445596
EG12022,0.597046
EG12023,0.646617
EG12024,0.560345
EG12025,0.494444
EG12026,0.499403
EG12027,0.573333
EG12028,0.508724
EG12031,0.490909
EG12033,0.492013
EG12034,0.497462
EG12035,0.575916
EG12036,0.556237
EG12037,0.581818
EG12038,0.544292
EG12040,0.465887
EG12041,0.513208
EG12042,0.573913
EG12043,0.754386
EG12044,0.534483
EG12045,0.590574
EG12048,0.561508
EG12049,0.553095
EG12052,0.461538
EG12053,0.523297
EG12054,0.471193
EG12055,0.450000
EG12057,0.476965
EG12058,0.521870
EG12059,0.451923
EG12060,0.487562
EG12061,0.497778
EG12062,0.476852
EG12067,0.502614
EG12068,0.618182
EG12069,0.550091
EG12070,0.590024
EG12073,0.613636
EG12075,0.551111
EG12076,0.520635
EG12077,0.513189
EG12078,0.499346
EG12079,0.532838
EG12080,0.491018
EG12082,0.576577
EG12083,0.651584
EG12084,0.597432
EG12086,0.554890
EG12087,0.634397
EG12088,0.570552
EG12089,0.604052
EG12090,0.464865
EG12091,0.785479
EG12092,0.570033
EG12093,0.555556
EG12094,0.533816
EG12095,0.780781
EG12096,0.615385
EG12097,0.565574
EG12098,0.656473
EG12099,0.617284
EG12100,0.557884
EG12101,0.508772
EG12102,0.614987
EG12104,0.488349
EG12105,0.541950
EG12106,0.493506
EG12108,0.501650
EG12110,0.556804
EG12111,0.543860
EG12112,0.572770
EG12113,0.498789
EG12114,0.620126
EG12115,0.584071
EG12116,0.611111
EG12119,0.684096
EG12120,0.675497
EG12121,0.443787
EG12122,0.385542
EG12123,0.549521
EG12124,0.561941
EG12125,0.590975
EG12127,0.534459
EG12128,0.561644
EG12129,0.578295
EG12130,0.602917
EG12131,0.620155
EG12132,0.487654
EG12133,0.613636
EG12134,0.524775
EG12135,0.751938
EG12136,0.519774
EG12137,0.599156
EG12138,0.511515
EG12139,0.509804
EG12140,0.587353
EG12141,0.554455
EG12142,0.575194
EG12144,0.583790
EG12146,0.535673
EG12147,0.600733
EG12148,0.549104
EG12149,0.388350
EG12150,0.612903
EG12151,0.500000
EG12152,0.528369
EG12153,0.496760
EG12154,0.453988
EG12158,0.622807
EG12159,0.568421
EG12163,0.573643
EG12164,0.694444
EG12165,0.474679
EG12166,0.464103
EG12167,0.600509
EG12168,0.646970
EG12169,0.419048
EG12171,0.514507
EG12172,0.483333
EG12174,0.681481
EG12176,0.635417
EG12177,0.654867
EG12178,0.592462
EG12179,0.828571
EG12180,0.531194
EG12181,0.522989
EG12182,0.576857
EG12183,0.558266
EG12184,0.504762
EG12185,0.591017
EG12186,0.518900
EG12187,0.596618
EG12188,0.617713
EG12189,0.615556
EG12190,0.507123
EG12192,0.623436
EG12193,0.508143
EG12194,0.437908
EG12196,0.517104
EG12197,0.717949
EG12198,0.520000
EG12200,0.490761
EG12201,0.713043
EG12202,0.641350
EG12203,0.675926
EG12204,0.695238
EG12205,0.723005
EG12207,0.555556
EG12209,0.468750
EG12210,0.502388
EG12211,0.489583
EG12212,0.666667
EG12213,0.461111
EG12214,0.625199
EG12215,0.596635
EG12216,0.593496
EG12217,0.567568
EG12218,0.706093
EG12219,0.556650
EG12220,0.502857
EG12221,0.544218
EG12223,0.531433
EG12224,0.411985
EG12225,0.523722
EG12228,0.524217
EG12229,0.563591
EG12230,0.565333
EG12231,0.559524
EG12232,0.515646
EG12233,0.462151
EG12234,0.600237
EG12235,0.536723
EG12236,0.545736
EG12237,0.549296
EG12240,0.497409
EG12241,0.493256
EG12242,0.598080
EG12243,0.596364
EG12244,0.520744
EG12245,0.475152
EG12246,0.540630
EG12247,0.493333
EG12248,0.495069
EG12249,0.447468
EG12251,0.514313
EG12252,0.507812
EG12253,0.576344
EG12254,0.565130
EG12256,0.548014
EG12257,0.528497
EG12258,0.509485
EG12259,0.508547
EG12260,0.494082
EG12262,0.571429
EG12263,0.522901
EG12264,0.666667
EG12265,0.503571
EG12266,0.492138
EG12267,0.524823
EG12268,0.484698
EG12269,0.537911
EG12270,0.544218
EG12271,0.651515
EG12272,0.549744
EG12273,0.526020
EG12274,0.479920
EG12276,0.497462
EG12278,0.537102
EG12284,0.503674
EG12285,0.509804
EG12286,0.511034
EG12287,0.517241
EG12288,0.488529
EG12289,0.549744
EG12290,0.504837
EG12292,0.499025
EG12294,0.658730
EG12295,0.731481
EG12296,0.555340
EG12297,0.479365
EG12298,0.572917
EG12301,0.569640
EG12302,0.595016
EG12303,0.523810
EG12304,0.563948
EG12305,0.584882
EG12306,0.693512
EG12307,0.614379
EG12308,0.600707
EG12309,0.579330
EG12310,0.573209
EG12311,0.746269
EG12312,0.541063
EG12313,0.483871
EG12314,0.545455
EG12316,0.557352
EG12318,0.487427
EG12319,0.739065
EG12320,0.504854
EG12321,0.679637
EG12322,0.539683
EG12323,0.640000
EG12325,0.509213
EG12327,0.529825
EG12329,0.511111
EG12330,0.587571
EG12331,0.513361
EG12332,0.539130
EG12333,0.352564
EG12334,0.474407
EG12335,0.511226
EG12336,0.640827
EG12338,0.521212
EG12340,0.456543
EG12341,0.552995
EG12342,0.579580
EG12343,0.667866
EG12344,0.429448
EG12345,0.645248
EG12346,0.627451
EG12347,0.525896
EG12352,0.624113
EG12353,0.372549
EG12354,0.576832
EG12356,0.545341
EG12357,0.490589
EG12358,0.500000
EG12360,0.368627
EG12361,0.477690
EG12362,0.529321
EG12363,0.474638
EG12365,0.622989
EG12366,0.420765
EG12367,0.503181
EG12368,0.547074
EG12369,0.523915
EG12370,0.508865
EG12371,0.564972
EG12372,0.626984
EG12373,0.565568
EG12374,0.559524
EG12375,0.512141
EG12376,0.438438
EG12378,0.532628
EG12379,0.564103
EG12380,0.542141
EG12381,0.541667
EG12382,0.431866
EG12384,0.474273
EG12385,0.543958
EG12386,0.452489
EG12391,0.635417
EG12392,0.566667
EG12394,0.710145
EG12395,0.353741
EG12396,0.506932
EG12397,0.523207
EG12399,0.562368
EG12400,0.563319
EG12401,0.590476
EG12403,0.531609
EG12404,0.531073
EG12405,0.577778
EG12406,0.494048
EG12407,0.501035
EG12409,0.498990
EG12410,0.517361
EG12411,0.544444
EG12412,0.670350
EG12413,0.450777
EG12414,0.710817
EG12415,0.680702
EG12417,0.509126
EG12418,0.676168
EG12419,0.556725
EG12420,0.514469
EG12421,0.539326
EG12422,0.796935
EG12423,0.490610
EG12424,0.589928
EG12425,0.694064
EG12427,0.656331
EG12429,0.624000
EG12431,0.487455
EG12432,0.488722
EG12433,0.598174
EG12434,0.553945
EG12436,0.613452
EG12437,0.601770
EG12438,0.463768
EG12439,0.493976
EG12440,0.563319
EG12442,0.643357
EG12443,0.477064
EG12444,0.514815
EG12445,0.500000
EG12446,0.497268
EG12447,0.648841
EG12448,0.466891
EG12449,0.593783
EG12450,0.507937
EG12451,0.508642
EG12452,0.503922
EG12453,0.599520
EG12454,0.545833
EG12455,0.559464
EG12456,0.486979
EG12457,0.600398
EG12458,0.500000
EG12459,0.534231
EG12460,0.523322
EG12462,0.506726
EG12463,0.488889
EG12464,0.572222
EG12465,0.585784
EG12466,0.597403
EG12467,0.586081
EG12469,0.503429
EG12470,0.580748
EG12471,0.615819
EG12472,0.528736
EG12473,0.620019
EG12474,0.535581
EG12475,0.517631
EG12477,0.457143
EG12478,0.549940
EG12479,0.649573
EG12480,0.619048
EG12481,0.531579
EG12482,0.282828
EG12483,0.475410
EG12485,0.472103
EG12489,0.563636
EG12490,0.472000
EG12491,0.664021
EG12492,0.510798
EG12493,0.525036
EG12494,0.483660
EG12495,0.533333
EG12496,0.448541
EG12497,0.512281
EG12498,0.503639
EG12500,0.518239
EG12502,0.572770
EG12503,0.605475
EG12504,0.536447
EG12505,0.521870
EG12506,0.507246
EG12507,0.524971
EG12508,0.645669
EG12509,0.485623
EG12510,0.544144
EG12511,0.628019
EG12512,0.611607
EG12513,0.648212
EG12514,0.519048
EG12516,0.567251
EG12517,0.507837
EG12520,0.502924
EG12521,0.565217
EG12522,0.459288
EG12524,0.671835
EG12525,0.591027
EG12527,0.454545
EG12528,0.624650
EG12529,0.612795
EG12530,0.534216
EG12531,0.499174
EG12532,0.611111
EG12533,0.491228
EG12535,0.544959
EG12536,0.544783
EG12537,0.495010
EG12538,0.532533
EG12539,0.469697
EG12540,0.512418
EG12541,0.500000
EG12544,0.500821
EG12545,0.537980
EG12548,0.509630
EG12549,0.480691
EG12550,0.562914
EG12552,0.452107
EG12553,0.480253
EG12554,0.583333
EG12555,0.463445
EG12557,0.520499
EG12558,0.417671
EG12559,0.582418
EG12561,0.491335
EG12562,0.504065
EG12563,0.504464
EG12564,0.503008
EG12565,0.432570
EG12566,0.473684
EG12567,0.533674
EG12569,0.482456
EG12570,0.551351
EG12571,0.520780
EG12572,0.497096
EG12573,0.502604
EG12574,0.470486
EG12575,0.513661
EG12576,0.567721
EG12579,0.492569
EG12584,0.567251
EG12585,0.558824
EG12586,0.550442
EG12588,0.511013
EG12589,0.535519
EG12590,0.508309
EG12591,0.493892
EG12592,0.542153
EG12594,0.525074
EG12595,0.719899
EG12596,0.674419
EG12597,0.558659
EG12598,0.617949
EG12600,0.576998
EG12601,0.723404
EG12604,0.496454
EG12605,0.589532
EG12606,0.632850
EG12607,0.508876
EG12609,0.618182
EG12612,0.592105
EG12613,0.551155
EG12614,0.636591
EG12615,0.594517
EG12616,0.513120
EG12617,0.499818
EG12618,0.645161
EG12619,0.563686
EG12620,0.541667
EG12622,0.577646
EG12623,0.586762
EG12624,0.694158
EG12625,0.456863
EG12626,0.629014
EG12627,0.605691
EG12628,0.525373
EG12629,0.564394
EG12630,0.518072
EG12631,0.538404
EG12634,0.517435
EG12636,0.740741
EG12637,0.545012
EG12642,0.626761
EG12644,0.533333
EG12651,0.491756
EG12652,0.461916
EG12656,0.618557
EG12657,0.698413
EG12659,0.490300
EG12661,0.499325
EG12662,0.435556
EG12663,0.550964
EG12664,0.659864
EG12665,0.527578
EG12666,0.431535
EG12667,0.619289
EG12669,0.602324
EG12670,0.626016
EG12671,0.614232
EG12672,0.560158
EG12674,0.666667
EG12675,0.564444
EG12676,0.541718
EG12677,0.569547
EG12678,0.580922
EG12679,0.603390
EG12680,0.564295
EG12682,0.533762
EG12683,0.564103
EG12684,0.464052
EG12685,0.707441
EG12686,0.581410
EG12688,0.577160
EG12689,0.789474
EG12690,0.614583
EG12691,0.538462
EG12692,0.525253
EG12693,0.462867
EG12695,0.541254
EG12697,0.605364
EG12698,0.642570
EG12699,0.683241
EG12700,0.631463
EG12701,0.589744
EG12702,0.473773
EG12703,0.728070
EG12704,0.480159
EG12705,0.700000
EG12707,0.654321
EG12709,0.485839
EG12710,0.419540
EG12712,0.627907
EG12713,0.603175
EG12715,0.636591
EG12717,0.504931
EG12718,0.502899
EG12719,0.546547
EG12723,0.505201
EG12724,0.465228
EG12726,0.576957
EG12727,0.619048
EG12728,0.484848
EG12729,0.565350
EG12731,0.567288
EG12732,0.652209
EG12733,0.449275
EG12734,0.458333
EG12737,0.520878
EG12738,0.503464
EG12739,0.414414
EG12740,0.470588
EG12741,0.739583
EG12742,0.677507
EG12743,0.549020
EG12744,0.528395
EG12745,0.513995
EG12746,0.480243
EG12747,0.551913
EG12748,0.498599
EG12749,0.550725
EG12750,0.595442
EG12751,0.521212
EG12752,0.483600
EG12754,0.507508
EG12756,0.496703
EG12757,0.456410
EG12758,0.524619
EG12761,0.640860
EG12762,0.713580
EG12763,0.501171
EG12764,0.518987
EG12767,0.512554
EG12768,0.501742
EG12769,0.503145
EG12771,0.502525
EG12772,0.484127
EG12773,0.560684
EG12774,0.479885
EG12775,0.516488
EG12776,0.507326
EG12777,0.538908
EG12778,0.581247
EG12779,0.565657
EG12780,0.598985
EG12781,0.621528
EG12782,0.559078
EG12783,0.575472
EG12784,0.547206
EG12785,0.612613
EG12786,0.706271
EG12788,0.603175
EG12789,0.575238
EG12790,0.534137
EG12791,0.484642
EG12792,0.575397
EG12793,0.523985
EG12794,0.639456
EG12795,0.533674
EG12796,0.784314
EG12797,0.680272
EG12798,0.594340
EG12799,0.543478
EG12800,0.464879
EG12801,0.622222
EG12802,0.672802
EG12803,0.579534
EG12804,0.486772
EG12806,0.618056
EG12807,0.575039
EG12808,0.565158
EG12809,0.539785
EG12810,0.493703
EG12812,0.677824
EG12813,0.507092
EG12814,0.675269
EG12815,0.472603
EG12816,0.466667
EG12817,0.575758
EG12818,0.504386
EG12819,0.544326
EG12820,0.643939
EG12821,0.476190
EG12822,0.507114
EG12823,0.574491
EG12824,0.519608
EG12825,0.600000
EG12826,0.616874
EG12827,0.544067
EG12830,0.617284
EG12831,0.609053
EG12832,0.533333
EG12833,0.459459
EG12837,0.569170
EG12838,0.558559
EG12839,0.682171
EG12840,0.547993
EG12841,0.545120
EG12842,0.430556
EG12843,0.455026
EG12844,0.388889
EG12845,0.519298
EG12850,0.494005
EG12851,0.521739
EG12853,0.505566
EG12854,0.553030
EG12855,0.609272
EG12857,0.753086
EG12859,0.642512
EG12860,0.629885
EG12861,0.488889
EG12862,0.526807
EG12863,0.508333
EG12865,0.506667
EG12866,0.672389
EG12867,0.550950
EG12868,0.825397
EG12870,0.446328
EG12874,0.562963
EG12875,0.632399
EG12876,0.539394
EG12877,0.511111
EG12878,0.575758
EG12879,0.450704
EG12880,0.549307
EG12882,0.613978
EG12883,0.490667
EG12885,0.511278
EG12889,0.529412
EG12890,0.511009
EG12895,0.496564
EG12896,0.638889
EG12897,0.677778
EG12898,0.682171
EG12899,0.580913
EG12900,0.646986
EG12901,0.610206
EG12902,0.699099
EG12903,0.529781
EG12904,0.578690
EG12905,0.365297
EG12906,0.542083
EG12907,0.523810
EG12909,0.537634
EG12910,0.483755
EG12912,0.493639
EG12913,0.546448
EG12914,0.517495
EG12915,0.495019
EG12916,0.564972
EG12920,0.561983
EG12921,0.514349
EG12923,0.476190
EG12924,0.500000
EG12925,0.451282
EG12926,0.627451
EG12927,0.627341
EG12928,0.597907
EG12929,0.676617
EG12930,0.573379
EG12931,0.544928
EG12932,0.496124
EG12934,0.491228
EG12935,0.593750
EG12936,0.526774
EG12938,0.485742
EG12939,0.510187
EG12940,0.660714
EG12941,0.420875
EG12943,0.660920
EG12944,0.583815
EG12945,0.580777
EG12948,0.589474
EG12951,0.628389
EG12952,0.414815
EG12953,0.543791
EG12954,0.586538
EG12955,0.519395
EG12956,0.629183
EG12957,0.581781
EG12959,0.692308
EG12963,0.509722
EG12965,0.622010
EG12966,0.575259
EG12967,0.518519
EG12969,0.511603
EG12971,0.564516
EG12972,0.475827
EG12973,0.505747
EG12974,0.548495
EG12976,0.502347
EG12978,0.477064
EG12979,0.468085
EG12980,0.589065
EG12981,0.666667
EG12982,0.649832
EG12983,0.489006
EG12984,0.608696
EG12986,0.588889
EG12987,0.629944
EG12988,0.506518
EG12991,0.535280
EG12992,0.538272
EG12994,0.536489
EG12995,0.494355
EG12997,0.516000
EG12998,0.559477
EG13001,0.496255
EG13002,0.447958
EG13003,0.518207
EG13005,0.632065
EG13006,0.486148
EG13007,0.500000
EG13010,0.530259
EG13011,0.569697
EG13013,0.639498
EG13014,0.554983
EG13015,0.509662
EG13017,0.500539
EG13018,0.434109
EG13019,0.454955
EG13021,0.580846
EG13022,0.626263
EG13023,0.471380
EG13024,0.492754
EG13025,0.534351
EG13026,0.509091
EG13027,0.534815
EG13031,0.529210
EG13033,0.489520
EG13034,0.559524
EG13035,0.520046
EG13048,0.563492
EG13049,0.495795
EG13050,0.486917
EG13051,0.508333
EG13052,0.495784
EG13054,0.499582
EG13055,0.508251
EG13057,0.525188
EG13058,0.488315
EG13060,0.545769
EG13061,0.488545
EG13063,0.461538
EG13064,0.487635
EG13065,0.532477
EG13066,0.462121
EG13067,0.497076
EG13069,0.511247
EG13070,0.501042
EG13072,0.462659
EG13074,0.446078
EG13075,0.681648
EG13076,0.748858
EG13077,0.560606
EG13078,0.608974
EG13079,0.609722
EG13081,0.736842
EG13082,0.514096
EG13083,0.738739
EG13084,0.527881
EG13085,0.599271
EG13086,0.464115
EG13091,0.534840
EG13092,0.644258
EG13093,0.707012
EG13096,0.575866
EG13097,0.593909
EG13098,0.647154
EG13099,0.483412
EG13100,0.513580
EG13101,0.472050
EG13102,0.544901
EG13103,0.682292
EG13104,0.506051
EG13105,0.546701
EG13107,0.525097
EG13108,0.506960
EG13109,0.552381
EG13110,0.593530
EG13111,0.455128
EG13114,0.496732
EG13115,0.510000
EG13116,0.506667
EG13117,0.483516
EG13118,0.488613
EG13119,0.514248
EG13120,0.480874
EG13121,0.514151
EG13123,0.527778
EG13124,0.471545
EG13126,0.485800
EG13128,0.509966
EG13132,0.671958
EG13133,0.585621
EG13134,0.601677
EG13140,0.495163
EG13141,0.532197
EG13142,0.659004
EG13145,0.494070
EG13146,0.628670
EG13147,0.468750
EG13148,0.545209
EG13149,0.498667
EG13150,0.586345
EG13151,0.653061
EG13152,0.601504
EG13153,0.635762
EG13154,0.645161
EG13155,0.533997
EG13156,0.604423
EG13159,0.518695
EG13160,0.515033
EG13161,0.606838
EG13164,0.787879
EG13165,0.712963
EG13167,0.498136
EG13170,0.564444
EG13171,0.541507
EG13172,0.581818
EG13173,0.515901
EG13174,0.513302
EG13175,0.464286
EG13176,0.509804
EG13177,0.620690
EG13178,0.529167
EG13179,0.514667
EG13180,0.515152
EG13181,0.496454
EG13182,0.554307
EG13183,0.508369
EG13184,0.519481
EG13185,0.483660
EG13186,0.462626
EG13187,0.515008
EG13189,0.470263
EG13190,0.597222
EG13191,0.511905
EG13192,0.584192
EG13193,0.628931
EG13194,0.616510
EG13195,0.513475
EG13197,0.505936
EG13198,0.498454
EG13199,0.492424
EG13200,0.644320
EG13201,0.569892
EG13202,0.506944
EG13203,0.525547
EG13205,0.567568
EG13206,0.354701
EG13209,0.553991
EG13213,0.495525
EG13215,0.850575
EG13216,0.559219
EG13217,0.505585
EG13218,0.640523
EG13219,0.495798
EG13220,0.514242
EG13221,0.501961
EG13222,0.686567
EG13223,0.706960
EG13224,0.646154
EG13226,0.539348
EG13227,0.605830
EG13228,0.552795
EG13230,0.471698
EG13231,0.564257
EG13233,0.816092
EG13234,0.543762
EG13235,0.490642
EG13236,0.493546
EG13237,0.616162
EG13238,0.446886
EG13240,0.598039
EG13241,0.644860
EG13242,0.420635
EG13244,0.523270
EG13245,0.526316
EG13246,0.594012
EG13247,0.527331
EG13248,0.521268
EG13249,0.592949
EG13250,0.521505
EG13251,0.506266
EG13252,0.568966
EG13253,0.527051
EG13254,0.533333
EG13256,0.651961
EG13257,0.496732
EG13258,0.572985
EG13259,0.566372
EG13260,0.497436
EG13261,0.552047
EG13262,0.577778
EG13263,0.533333
EG13265,0.530148
EG13268,0.632269
EG13270,0.488506
EG13271,0.684211
EG13272,0.656514
EG13273,0.619738
EG13275,0.563380
EG13276,0.493827
EG13278,0.463378
EG13279,0.479167
EG13282,0.479381
EG13284,0.511344
EG13285,0.709091
EG13286,0.634146
EG13287,0.559611
EG13288,0.556190
EG13289,0.585106
EG13290,0.647482
EG13291,0.496732
EG13292,0.497041
EG13294,0.600000
EG13295,0.625899
EG13296,0.637681
EG13297,0.496124
EG13298,0.509607
EG13304,0.507422
EG13305,0.645161
EG13306,0.557078
EG13307,0.591640
EG13308,0.601361
EG13310,0.492837
EG13313,0.506536
EG13314,0.503166
EG13315,0.474474
EG13316,0.471976
EG13317,0.474814
EG13318,0.544061
EG13319,0.591154
EG13320,0.513028
EG13321,0.459596
EG13322,0.585470
EG13323,0.564790
EG13324,0.542888
EG13325,0.572505
EG13326,0.614534
EG13327,0.654412
EG13329,0.580052
EG13330,0.558201
EG13331,0.622407
EG13332,0.539440
EG13334,0.552529
EG13337,0.463964
EG13338,0.491484
EG13339,0.398148
EG13340,0.451902
EG13342,0.481481
EG13343,0.583065
EG13344,0.605061
EG13345,0.488821
EG13346,0.507592
EG13347,0.530106
EG13348,0.751055
EG13349,0.550725
EG13351,0.513140
EG13352,0.506484
EG13353,0.484048
EG13354,0.677305
EG13355,0.519059
EG13356,0.473577
EG13357,0.572650
EG13358,0.540453
EG13360,0.679245
EG13362,0.439716
EG13363,0.489510
EG13370,0.500149
EG13375,0.534392
EG13376,0.579926
EG13377,0.541353
EG13378,0.494277
EG13382,0.722455
EG13383,0.529570
EG13385,0.490541
EG13391,0.709091
EG13392,0.516129
EG13393,0.581818
EG13394,0.507054
EG13395,0.708010
EG13396,0.594480
EG13397,0.740286
EG13398,0.522222
EG13405,0.564374
EG13406,0.621814
EG13407,0.519280
EG13408,0.804598
EG13409,0.576923
EG13410,0.516129
EG13411,0.517949
EG13413,0.491607
EG13415,0.507553
EG13416,0.539749
EG13418,0.533958
EG13419,0.455939
EG13420,0.445931
EG13421,0.563725
EG13422,0.474614
EG13425,0.530440
EG13426,0.546667
EG13427,0.494681
EG13429,0.528529
EG13430,0.640212
EG13431,0.613707
EG13432,0.586667
EG13433,0.623782
EG13434,0.548803
EG13435,0.543444
EG13436,0.496124
EG13437,0.564901
EG13439,0.665000
EG13440,0.589744
EG13441,0.539759
EG13442,0.515351
EG13443,0.735254
EG13444,0.499366
EG13445,0.489177
EG13446,0.649351
EG13447,0.562691
EG13448,0.573574
EG13449,0.513475
EG13451,0.535354
EG13452,0.677463
EG13454,0.580702
EG13455,0.523008
EG13456,0.505140
EG13457,0.512524
EG13459,0.538745
EG13460,0.528678
EG13461,0.505602
EG13462,0.477541
EG13463,0.487973
EG13464,0.512241
EG13465,0.494494
EG13468,0.503961
EG13469,0.479062
EG13471,0.455505
EG13472,0.504274
EG13473,0.591293
EG13474,0.497286
EG13475,0.524123
EG13476,0.550021
EG13477,0.522197
EG13478,0.711916
EG13481,0.637959
EG13482,0.635046
EG13483,0.519878
EG13484,0.493671
EG13485,0.482676
EG13486,0.505747
EG13488,0.519963
EG13489,0.608059
EG13490,0.485597
EG13491,0.556725
EG13492,0.578313
EG13493,0.510594
EG13495,0.498645
EG13496,0.531187
EG13497,0.646825
EG13498,0.501119
EG13499,0.552311
EG13500,0.526227
EG13501,0.488506
EG13502,0.565302
EG13503,0.602410
EG13504,0.483333
EG13506,0.549784
EG13507,0.491713
EG13508,0.492393
EG13510,0.517598
EG13511,0.570447
EG13512,0.724138
EG13513,0.586081
EG13514,0.678261
EG13515,0.573333
EG13516,0.497811
EG13517,0.574181
EG13523,0.496933
EG13524,0.500000
EG13525,0.502222
EG13528,0.750678
EG13529,0.512821
EG13530,0.592593
EG13531,0.527132
EG13532,0.479365
EG13533,0.530713
EG13535,0.551539
EG13537,0.543987
EG13538,0.474044
EG13541,0.507502
EG13544,0.484581
EG13546,0.537341
EG13547,0.548523
EG13548,0.487179
EG13550,0.475279
EG13551,0.563662
EG13552,0.523977
EG13553,0.702948
EG13554,0.565310
EG13557,0.502956
EG13560,0.575610
EG13561,0.475387
EG13562,0.468370
EG13563,0.501188
EG13564,0.505232
EG13565,0.489796
EG13571,0.502463
EG13574,0.520947
EG13577,0.523029
EG13578,0.642058
EG13580,0.521870
EG13581,0.484211
EG13582,0.447222
EG13583,0.498599
EG13584,0.520115
EG13585,0.508221
EG13586,0.533762
EG13588,0.524752
EG13590,0.493540
EG13591,0.517266
EG13593,0.515247
EG13594,0.516269
EG13595,0.508571
EG13598,0.511905
EG13599,0.449275
EG13600,0.488973
EG13608,0.474886
EG13609,0.558952
EG13611,0.535385
EG13612,0.586151
EG13613,0.682927
EG13614,0.473260
EG13615,0.513458
EG13616,0.473039
EG13620,0.493088
EG13621,0.490401
EG13622,0.559796
EG13623,0.504854
EG13625,0.515247
EG13627,0.492469
EG13629,0.488722
EG13633,0.468750
EG13634,0.555556
EG13635,0.497992
EG13636,0.597403
EG13637,0.816327
EG13639,0.618357
EG13642,0.533611
EG13643,0.835341
EG13644,0.518320
EG13646,0.520796
EG13647,0.501022
EG13652,0.545455
EG13654,0.580205
EG13655,0.606838
EG13656,0.618636
EG13657,0.655439
EG13658,0.588435
EG13660,0.574924
EG13662,0.441614
EG13663,0.514436
EG13666,0.480990
EG13667,0.587459
EG13668,0.697872
EG13669,0.537815
EG13670,0.514107
EG13671,0.499195
EG13672,0.519685
EG13673,0.481752
EG13674,0.496838
EG13675,0.483245
EG13676,0.613065
EG13677,0.631579
EG13678,0.522059
EG13679,0.580645
EG13680,0.435754
EG13681,0.576512
EG13682,0.465608
EG13683,0.457023
EG13684,0.445808
EG13685,0.658915
EG13686,0.629630
EG13687,0.553550
EG13688,0.662722
EG13689,0.507338
EG13690,0.588822
EG13691,0.515996
EG13693,0.545821
EG13694,0.483871
EG13695,0.542373
EG13696,0.583942
EG13697,0.529700
EG13698,0.523652
EG13699,0.600795
EG13701,0.525547
EG13702,0.514541
EG13703,0.633880
EG13704,0.651235
EG13706,0.476440
EG13708,0.500000
EG13709,0.503704
EG13711,0.498270
EG13712,0.466853
EG13713,0.519337
EG13714,0.461240
EG13715,0.493554
EG13716,0.545946
EG13717,0.631579
EG13718,0.598524
EG13719,0.595745
EG13720,0.511111
EG13721,0.538533
EG13722,0.512821
EG13723,0.502415
EG13724,0.459119
EG13725,0.636440
EG13726,0.774194
EG13727,0.434004
EG13728,0.522807
EG13729,0.494993
EG13730,0.524766
EG13732,0.444444
EG13733,0.593272
EG13735,0.500489
EG13739,0.500467
EG13741,0.501901
EG13742,0.507003
EG13744,0.529022
EG13745,0.509893
EG13746,0.567823
EG13747,0.602369
EG13752,0.621212
EG13753,0.517857
EG13754,0.570846
EG13755,0.496263
EG13756,0.518712
EG13757,0.562384
EG13758,0.539116
EG13759,0.534149
EG13760,0.637890
EG13761,0.551528
EG13762,0.479930
EG13764,0.503185
EG13766,0.519298
EG13767,0.459770
EG13768,0.735043
EG13769,0.497778
EG13770,0.551060
EG13772,0.589595
EG13773,0.507508
EG13774,0.589634
EG13775,0.570621
EG13776,0.574667
EG13777,0.498382
EG13779,0.505263
EG13780,0.505910
EG13784,0.561404
EG13787,0.504559
EG13791,0.501718
EG13793,0.507592
EG13794,0.487879
EG13796,0.467023
EG13798,0.498246
EG13804,0.492153
EG13805,0.633124
EG13810,0.513699
EG13811,0.591065
EG13812,0.461133
EG13813,0.535519
EG13815,0.594444
EG13816,0.513484
EG13817,0.557235
EG13818,0.501134
EG13819,0.476703
EG13820,0.541485
EG13821,0.495551
EG13827,0.501217
EG13832,0.600266
EG13833,0.504762
EG13834,0.601307
EG13837,0.850575
EG13838,0.696078
EG13839,0.587156
EG13840,0.701754
EG13841,0.714487
EG13842,0.758170
EG13843,0.501854
EG13844,0.534653
EG13845,0.527508
EG13846,0.484211
EG13847,0.445528
EG13848,0.518695
EG13849,0.580460
EG13850,0.554810
EG13851,0.532164
EG13854,0.496970
EG13855,0.531303
EG13856,0.519351
EG13861,0.473404
EG13862,0.454106
EG13863,0.488688
EG13864,0.520059
EG13865,0.504125
EG13866,0.491538
EG13869,0.664537
EG13870,0.542005
EG13871,0.576577
EG13872,0.626016
EG13873,0.564103
EG13874,0.546816
EG13875,0.523207
EG13876,0.678756
EG13878,0.491315
EG13879,0.619048
EG13880,0.579427
EG13881,0.530387
EG13882,0.490620
EG13883,0.503840
EG13885,0.413580
EG13886,0.625683
EG13887,0.599010
EG13888,0.509186
EG13891,0.715447
EG13892,0.661692
EG13893,0.632653
EG13894,0.593939
EG13895,0.636364
EG13896,0.566494
EG13897,0.578431
EG13898,0.555191
EG13899,0.470748
EG13900,0.628752
EG13901,0.634921
EG13902,0.501042
EG13903,0.497908
EG13904,0.647249
EG13905,0.632000
EG13906,0.463649
EG13907,0.520924
EG13908,0.455250
EG13909,0.436601
EG13910,0.519048
EG13911,0.513534
EG13912,0.498866
EG13913,0.488731
EG13914,0.499525
EG13915,0.524715
EG13917,0.488536
EG13918,0.484848
EG13920,0.558559
EG13921,0.530758
EG13922,0.503800
EG13923,0.557778
EG13924,0.575581
EG13925,0.484185
EG13926,0.478788
EG13927,0.448087
EG13928,0.481159
EG13929,0.753439
EG13930,0.535069
EG13931,0.564841
EG13932,0.625850
EG13933,0.573883
EG13934,0.569948
EG13935,0.606388
EG13936,0.515581
EG13937,0.592593
EG13938,0.663793
EG13939,0.549568
EG13940,0.560185
EG13942,0.500901
EG13943,0.641350
EG13944,0.578089
EG13945,0.493790
EG13946,0.516667
EG13947,0.496667
EG13948,0.575163
EG13949,0.561275
EG13950,0.663248
EG13951,0.555290
EG13952,0.627451
EG13954,0.501845
EG13956,0.504042
EG13960,0.504762
EG13961,0.455635
EG13962,0.533989
EG13963,0.547170
EG13964,0.503347
EG13965,0.489247
EG13967,0.529101
EG13968,0.744526
EG13969,0.529931
EG13970,0.513926
EG13974,0.500000
EG13975,0.475877
EG13976,0.507190
EG13977,0.500532
EG13978,0.510078
EG13979,0.469388
EG13980,0.619346
EG13981,0.476190
EG13984,0.603426
EG13985,0.597938
EG13986,0.497096
EG13987,0.640596
EG13988,0.663677
EG13989,0.602369
EG13990,0.501437
EG13991,0.512438
EG13992,0.839506
EG13993,0.542793
EG13994,0.506944
EG13995,0.493292
EG13996,0.501488
EG13997,0.492224
EG13999,0.509419
EG14000,0.517581
EG14001,0.584071
EG14002,0.593220
EG14003,0.575592
EG14004,0.443873
EG14005,0.516927
EG14006,0.516820
EG14007,0.515291
EG14008,0.479871
EG14009,0.637255
EG14010,0.608059
EG14011,0.484150
EG14012,0.472663
EG14013,0.463104
EG14014,0.472222
EG14015,0.549254
EG14016,0.711111
EG14018,0.558081
EG14019,0.535662
EG14020,0.522088
EG14021,0.554517
EG14022,0.492027
EG14023,0.522222
EG14024,0.455696
EG14025,0.489583
EG14026,0.560122
EG14027,0.508772
EG14028,0.611684
EG14029,0.560000
EG14030,0.523592
EG14031,0.527903
EG14032,0.393939
EG14033,0.639785
EG14034,0.545267
EG14035,0.504787
EG14036,0.537037
EG14037,0.690583
EG14038,0.656535
EG14039,0.492647
EG14040,0.489676
EG14041,0.486339
EG14044,0.529801
EG14045,0.529762
EG14047,0.513433
EG14048,0.484277
EG14049,0.574501
EG14050,0.564972
EG14051,0.566919
EG14052,0.501284
EG14056,0.463141
EG14057,0.519372
EG14058,0.504224
EG14060,0.524229
EG14062,0.529915
EG14063,0.485133
EG14064,0.535323
EG14065,0.610766
EG14066,0.564926
EG14067,0.537241
EG14068,0.529338
EG14069,0.512041
EG14070,0.446886
EG14071,0.560000
EG14072,0.713864
EG14073,0.683333
EG14074,0.529459
EG14075,0.630252
EG14076,0.564374
EG14077,0.601156
EG14082,0.474359
EG14083,0.480100
EG14084,0.486822
EG14087,0.533666
EG14088,0.552486
EG14089,0.552632
EG14090,0.549020
EG14091,0.541604
EG14092,0.588103
EG14093,0.514217
EG14094,0.532300
EG14095,0.510417
EG14097,0.488095
EG14098,0.527197
EG14099,0.472813
EG14100,0.522968
EG14101,0.563218
EG14102,0.590000
EG14103,0.544463
EG14104,0.571429
EG14105,0.634343
EG14106,0.508772
EG14107,0.545120
EG14108,0.569369
EG14109,0.551938
EG14110,0.496914
EG14111,0.521253
EG14112,0.590348
EG14113,0.525869
EG14114,0.541106
EG14115,0.559140
EG14116,0.571949
EG14117,0.782609
EG14118,0.690998
EG14119,0.485185
EG14125,0.500000
EG14126,0.781893
EG14127,0.510023
EG14128,0.515637
EG14129,0.694737
EG14130,0.526912
EG14131,0.484848
EG14132,0.588491
EG14133,0.573574
EG14135,0.530612
EG14138,0.479339
EG14139,0.533333
EG14141,0.484848
EG14142,0.562092
EG14143,0.507375
EG14145,0.501998
EG14146,0.512579
EG14147,0.584362
EG14148,0.563015
EG14149,0.606803
EG14150,0.480186
EG14151,0.510417
EG14152,0.477842
EG14153,0.513812
EG14154,0.517628
EG14156,0.488465
EG14157,0.540759
EG14158,0.565657
EG14159,0.418554
EG14160,0.492517
EG14161,0.529138
EG14162,0.488294
EG14163,0.541754
EG14164,0.521073
EG14165,0.671111
EG14166,0.590278
EG14167,0.591111
EG14168,0.661972
EG14169,0.636272
EG14170,0.522954
EG14171,0.412121
EG14172,0.608768
EG14173,0.576324
EG14176,0.494005
EG14177,0.494949
EG14178,0.513228
EG14179,0.661578
EG14180,0.627160
EG14185,0.515670
EG14187,0.517007
EG14193,0.578070
EG14194,0.494253
EG14195,0.643777
EG14196,0.487103
EG14197,0.648148
EG14198,0.589185
EG14199,0.547814
EG14200,0.677778
EG14201,0.615385
EG14202,0.524064
EG14203,0.708333
EG14204,0.477842
EG14206,0.555556
EG14207,0.586558
EG14208,0.508906
EG14209,0.524960
EG14210,0.485949
EG14213,0.509985
EG14214,0.526249
EG14215,0.492806
EG14216,0.516484
EG14217,0.484848
EG14218,0.545894
EG14219,0.477894
EG14220,0.508834
EG14221,0.700565
EG14222,0.653117
EG14223,0.483548
EG14224,0.517850
EG14225,0.574181
EG14226,0.585859
EG14229,0.461333
EG14230,0.482629
EG14232,0.480144
EG14233,0.502183
EG14235,0.495098
EG14237,0.528691
EG14238,0.726115
EG14239,0.518116
EG14240,0.617901
EG14241,0.766355
EG14243,0.807512
EG14244,0.439506
EG14247,0.701754
EG14248,0.537217
EG14249,0.663704
EG14250,0.548387
EG14256,0.660606
EG14257,0.582766
EG14260,0.557734
EG14261,0.506601
EG14262,0.554965
EG14263,0.677686
EG14264,0.485804
EG14265,0.492375
EG14266,0.517986
EG14267,0.597531
EG14268,0.465517
EG14269,0.613730
EG14270,0.447090
EG14271,0.610473
EG14272,0.503185
EG14273,0.512747
EG14275,0.530612
EG14276,0.584656
EG14279,0.453074
EG14280,0.572770
EG14281,0.619718
EG14287,0.524590
EG14288,0.396624
EG14289,0.549451
EG14290,0.584270
EG14292,0.587879
EG14293,0.488550
EG14294,0.612403
EG14295,0.577236
EG14298,0.677419
EG14300,0.458874
EG14301,0.453704
EG14303,0.675926
EG14304,0.776471
EG14306,0.500000
EG14307,0.338798
EG14313,0.842767
EG14314,0.740000
EG14316,0.408998
EG14319,0.472574
EG14320,0.583333
EG14321,0.411765
EG14322,0.689922
EG14323,0.533333
EG14324,0.487310
EG14325,0.491228
EG14326,0.583333
EG14328,0.506667
EG14329,0.473684
EG14331,0.503145
EG14333,0.456140
EG14335,0.635294
EG14338,0.462745
EG14340,0.568627
EG14344,0.476190
EG14345,0.557823
EG14351,0.738095
EG14356,0.752941
EG14358,0.609195
EG14363,0.547264
EG14364,0.676617
EG14366,0.456621
EG14367,0.588889
EG14372,0.587302
EG14373,0.577083
EG14374,0.569024
EG14382,0.444444
EG14383,0.486111
EG14384,0.720539
EG14385,0.733945
EG14387,0.482456
EG14389,0.841270
EG14393,0.701149
EG14394,0.583333
EG14395,0.791667
EG14396,0.966667
EG14397,0.714286
EG14398,0.469136
EG14399,0.656716
EG14407,0.612121
EG14411,0.407960
EG14414,0.656716
EG14415,0.481159
EG14417,0.800000
EG14423,0.481481
EG14424,0.750000
EG14426,0.611111
EG14429,0.578231
EG14431,0.619048
EG14432,0.595745
EG14444,0.584615
EG14460,0.551724
EG14463,0.666667
EG14465,0.827586
EG14468,0.781609
EG14476,0.352941
EG14480,1.013333
EG14481,0.646465
EG14483,0.571429
EG14484,0.595238
EG14485,0.944444
EG14490,0.740741
EG14491,0.882883
EG14498,0.259259
EG14499,0.888889
EG14500,0.635659
EG20044,0.536131
EG20050,0.506527
EG20080,0.532228
EG20091,0.578431
EG20098,0.603352
EG20110,0.576966
EG20145,0.507042
EG20151,0.532110
EG20173,0.616317
EG20205,0.586181
EG20227,0.543967
EG20248,0.520192
EG20249,0.591731
EG20253,0.605598
EG20254,0.531630
EG20255,0.486542
EG20256,0.597082
EG20257,0.501632
EG20263,0.481818
EG20264,0.529328
EG20265,0.519126
EG20266,0.540029
EG20267,0.540541
EG20268,0.602837
EG20273,0.500901
EG20274,0.514286
EG20275,0.532872
EG20276,0.587530
EG40007,0.487585
EG40010,0.586207
EG40011,0.600939
EG50001,0.628205
EG50002,0.620155
EG50003,0.852321
EG50004,0.726190
EG50006,0.500734
EG50007,0.481982
EG50010,0.601802
EG50011,0.716137
EG60026,0.505607
EG60052,0.550725
