,genenameonly,genelenghthonly
1,EG10001,1080
2,EG10002,690
3,EG10003,762
4,EG10004,1221
5,EG10005,1131
6,EG10006,1341
7,EG10007,717
8,EG10008,1398
9,EG10011,777
10,EG10012,1722
11,EG10013,1323
12,EG10014,3114
13,EG10015,1014
14,EG10016,771
15,EG10017,972
16,EG10018,1941
17,EG10020,699
18,EG10021,957
19,EG10022,1305
20,EG10023,1602
21,EG10024,2664
22,EG10025,1893
23,EG10026,1737
24,EG10027,1203
25,EG10028,741
26,EG10029,1065
27,EG10030,1002
28,EG10031,2676
29,EG10032,645
30,EG10033,1242
31,EG10034,2631
32,EG10035,1440
33,EG10036,1488
34,EG10037,651
35,EG10039,1455
36,EG10040,1134
37,EG10041,552
38,EG10042,855
39,EG10043,741
40,EG10044,339
41,EG10045,1017
42,EG10046,1047
43,EG10047,378
44,EG10048,843
45,EG10049,1299
46,EG10050,750
47,EG10051,552
48,EG10052,1503
49,EG10053,1701
50,EG10054,879
51,EG10055,696
52,EG10056,1419
53,EG10057,990
54,EG10058,1515
55,EG10059,987
56,EG10060,1185
57,EG10061,717
58,EG10062,2337
59,EG10063,1332
60,EG10064,777
61,EG10065,1005
62,EG10066,1221
63,EG10067,1005
64,EG10068,1344
65,EG10069,1005
66,EG10070,471
67,EG10071,1734
68,EG10072,783
69,EG10073,1284
70,EG10074,1089
71,EG10075,1086
72,EG10076,759
73,EG10077,819
74,EG10078,1071
75,EG10079,1053
76,EG10080,1047
77,EG10081,522
78,EG10082,525
79,EG10083,678
80,EG10084,1374
81,EG10085,1425
82,EG10086,1458
83,EG10087,1011
84,EG10088,1104
85,EG10089,1656
86,EG10090,1236
87,EG10091,993
88,EG10092,1665
89,EG10093,459
90,EG10094,1401
91,EG10095,1437
92,EG10096,1191
93,EG10097,1773
94,EG10098,1542
95,EG10099,816
96,EG10100,420
97,EG10101,1383
98,EG10102,240
99,EG10103,471
100,EG10104,864
101,EG10105,534
102,EG10106,381
103,EG10107,1254
104,EG10108,471
105,EG10109,1671
106,EG10110,1473
107,EG10111,588
108,EG10112,2034
109,EG10113,477
110,EG10114,1413
111,EG10115,1878
112,EG10116,837
113,EG10117,1290
114,EG10118,1041
115,EG10119,756
116,EG10120,678
117,EG10121,1155
118,EG10122,771
119,EG10123,966
120,EG10124,2334
121,EG10125,318
122,EG10126,1845
123,EG10127,981
124,EG10128,750
125,EG10129,552
126,EG10130,591
127,EG10131,2148
128,EG10132,1335
129,EG10133,1539
130,EG10134,1149
131,EG10135,3222
132,EG10136,1239
133,EG10137,885
134,EG10138,756
135,EG10139,858
136,EG10140,321
137,EG10141,1359
138,EG10142,351
139,EG10143,843
140,EG10144,1353
141,EG10145,1353
142,EG10146,1965
143,EG10147,1050
144,EG10148,861
145,EG10149,504
146,EG10150,390
147,EG10151,645
148,EG10152,1059
149,EG10153,1236
150,EG10154,750
151,EG10155,1992
152,EG10156,2277
153,EG10157,2574
154,EG10158,624
155,EG10159,1275
156,EG10160,1944
157,EG10161,1437
158,EG10162,1371
159,EG10163,1374
160,EG10164,633
161,EG10165,510
162,EG10166,213
163,EG10167,2106
164,EG10168,1539
165,EG10169,489
166,EG10170,2547
167,EG10172,531
168,EG10173,1569
169,EG10174,1140
170,EG10175,471
171,EG10176,660
172,EG10177,1155
173,EG10178,948
174,EG10179,1992
175,EG10180,615
176,EG10181,330
177,EG10182,891
178,EG10183,1098
179,EG10184,975
180,EG10185,606
181,EG10186,909
182,EG10187,822
183,EG10188,1374
184,EG10189,735
185,EG10190,1713
186,EG10191,1800
187,EG10192,972
188,EG10193,912
189,EG10194,1428
190,EG10195,1017
191,EG10196,1386
192,EG10197,834
193,EG10198,876
194,EG10200,1026
195,EG10201,1212
196,EG10202,1434
197,EG10203,1203
198,EG10204,837
199,EG10205,879
200,EG10206,822
201,EG10207,825
202,EG10208,1128
203,EG10209,825
204,EG10210,1374
205,EG10211,1419
206,EG10212,2046
207,EG10213,1095
208,EG10214,921
209,EG10215,1890
210,EG10216,660
211,EG10217,915
212,EG10218,663
213,EG10219,1323
214,EG10220,1224
215,EG10221,780
216,EG10222,720
217,EG10223,759
218,EG10224,369
219,EG10225,1518
220,EG10226,408
221,EG10227,189
222,EG10228,231
223,EG10229,996
224,EG10230,456
225,EG10231,1716
226,EG10232,2445
227,EG10233,618
228,EG10234,864
229,EG10235,1404
230,EG10236,1416
231,EG10237,738
232,EG10238,3483
233,EG10239,1746
234,EG10240,1131
235,EG10241,1917
236,EG10242,1101
237,EG10243,732
238,EG10244,540
239,EG10245,1932
240,EG10246,1359
241,EG10247,381
242,EG10248,1608
243,EG10249,1329
244,EG10250,1338
245,EG10251,456
246,EG10252,3093
247,EG10253,450
248,EG10254,984
249,EG10255,489
250,EG10256,642
251,EG10257,1812
252,EG10258,1299
253,EG10259,747
254,EG10260,858
255,EG10261,1176
256,EG10262,621
257,EG10263,1611
258,EG10264,3882
259,EG10265,918
260,EG10266,1158
261,EG10267,3105
262,EG10268,762
263,EG10269,1353
264,EG10270,906
265,EG10271,735
266,EG10272,426
267,EG10273,519
268,EG10274,1221
269,EG10275,471
270,EG10276,1350
271,EG10277,954
272,EG10278,1164
273,EG10279,2190
274,EG10280,1341
275,EG10281,720
276,EG10282,1080
277,EG10283,999
278,EG10284,930
279,EG10285,2148
280,EG10286,2325
281,EG10287,903
282,EG10288,999
283,EG10289,957
284,EG10290,768
285,EG10291,522
286,EG10292,954
287,EG10293,2241
288,EG10294,957
289,EG10295,816
290,EG10296,1005
291,EG10297,1134
292,EG10298,993
293,EG10299,1203
294,EG10300,1362
295,EG10301,2079
296,EG10302,2244
297,EG10303,1983
298,EG10304,798
299,EG10305,891
300,EG10306,2190
301,EG10307,603
302,EG10308,549
303,EG10309,603
304,EG10310,726
305,EG10311,2637
306,EG10312,597
307,EG10313,531
308,EG10314,504
309,EG10315,903
310,EG10316,1026
311,EG10317,297
312,EG10318,531
313,EG10319,579
314,EG10320,351
315,EG10321,1497
316,EG10322,465
317,EG10323,1005
318,EG10324,414
319,EG10325,753
320,EG10326,480
321,EG10327,1269
322,EG10328,867
323,EG10329,810
324,EG10330,1809
325,EG10331,735
326,EG10332,396
327,EG10333,360
328,EG10334,702
329,EG10335,558
330,EG10336,1692
331,EG10337,939
332,EG10338,1005
333,EG10339,1263
334,EG10340,669
335,EG10341,1767
336,EG10342,831
337,EG10343,597
338,EG10344,1245
339,EG10345,1059
340,EG10346,1494
341,EG10347,1152
342,EG10348,648
343,EG10349,1776
344,EG10350,1419
345,EG10351,1149
346,EG10352,1317
347,EG10353,732
348,EG10355,423
349,EG10356,1647
350,EG10357,1647
351,EG10358,1404
352,EG10359,447
353,EG10360,2115
354,EG10361,1281
355,EG10362,1017
356,EG10363,1149
357,EG10364,1032
358,EG10365,1041
359,EG10366,1047
360,EG10367,996
361,EG10368,1020
362,EG10369,2391
363,EG10370,1119
364,EG10371,390
365,EG10372,1344
366,EG10373,153
367,EG10374,1743
368,EG10375,1890
369,EG10376,624
370,EG10377,1434
371,EG10378,2187
372,EG10379,1296
373,EG10380,2448
374,EG10381,1974
375,EG10382,1830
376,EG10383,1410
377,EG10384,339
378,EG10385,1410
379,EG10386,747
380,EG10387,1050
381,EG10388,660
382,EG10389,723
383,EG10390,1665
384,EG10391,1629
385,EG10392,1260
386,EG10393,1191
387,EG10394,1506
388,EG10395,327
389,EG10396,846
390,EG10397,831
391,EG10398,1509
392,EG10399,1077
393,EG10401,1359
394,EG10402,1284
395,EG10403,4461
396,EG10404,1419
397,EG10405,1314
398,EG10406,1206
399,EG10407,1416
400,EG10408,1254
401,EG10409,912
402,EG10410,2070
403,EG10411,1407
404,EG10412,1353
405,EG10413,1485
406,EG10414,459
407,EG10415,477
408,EG10416,594
409,EG10417,258
410,EG10418,1557
411,EG10419,951
412,EG10420,1578
413,EG10421,1467
414,EG10422,1044
415,EG10423,2628
416,EG10424,2415
417,EG10425,768
418,EG10426,2055
419,EG10427,1257
420,EG10428,975
421,EG10429,942
422,EG10430,741
423,EG10431,963
424,EG10432,1281
425,EG10433,1182
426,EG10434,1197
427,EG10435,1005
428,EG10436,1260
429,EG10437,1281
430,EG10438,309
431,EG10439,219
432,EG10440,300
433,EG10441,285
434,EG10442,267
435,EG10443,1323
436,EG10444,738
437,EG10445,1068
438,EG10446,1071
439,EG10447,1305
440,EG10448,777
441,EG10449,900
442,EG10450,591
443,EG10451,612
444,EG10452,774
445,EG10453,1275
446,EG10454,813
447,EG10455,486
448,EG10456,1191
449,EG10457,414
450,EG10458,1590
451,EG10459,3513
452,EG10460,1395
453,EG10461,1875
454,EG10462,882
455,EG10463,1425
456,EG10464,921
457,EG10465,654
458,EG10466,273
459,EG10467,273
460,EG10468,1119
461,EG10469,1794
462,EG10470,708
463,EG10471,588
464,EG10472,399
465,EG10473,858
466,EG10474,462
467,EG10475,612
468,EG10476,1827
469,EG10477,924
470,EG10478,1710
471,EG10479,543
472,EG10480,768
473,EG10481,411
474,EG10482,1326
475,EG10483,351
476,EG10484,873
477,EG10485,273
478,EG10486,1122
479,EG10487,1011
480,EG10488,1038
481,EG10489,1251
482,EG10490,894
483,EG10491,825
484,EG10492,2817
485,EG10493,1545
486,EG10494,1689
487,EG10495,1476
488,EG10496,1851
489,EG10497,930
490,EG10499,492
491,EG10500,1725
492,EG10501,264
493,EG10502,291
494,EG10503,894
495,EG10504,219
496,EG10505,2673
497,EG10506,543
498,EG10507,1164
499,EG10508,900
500,EG10509,2262
501,EG10510,993
502,EG10511,2181
503,EG10512,1197
504,EG10513,1674
505,EG10514,2049
506,EG10515,573
507,EG10516,2685
508,EG10517,678
509,EG10518,855
510,EG10519,747
511,EG10520,1278
512,EG10521,1863
513,EG10522,1299
514,EG10523,822
515,EG10524,612
516,EG10525,1083
517,EG10526,1254
518,EG10527,3075
519,EG10528,1341
520,EG10529,1800
521,EG10530,975
522,EG10531,945
523,EG10532,2583
524,EG10533,609
525,EG10534,2016
526,EG10535,894
527,EG10536,714
528,EG10537,768
529,EG10538,927
530,EG10539,1104
531,EG10540,1110
532,EG10541,1278
533,EG10542,2355
534,EG10543,1425
535,EG10544,237
536,EG10545,789
537,EG10546,1149
538,EG10547,495
539,EG10548,495
540,EG10549,1263
541,EG10550,1350
542,EG10551,936
543,EG10552,1518
544,EG10553,1518
545,EG10554,1191
546,EG10555,1545
547,EG10556,891
548,EG10557,1029
549,EG10558,1116
550,EG10559,921
551,EG10560,2394
552,EG10561,2085
553,EG10562,2706
554,EG10563,1593
555,EG10564,1173
556,EG10565,1815
557,EG10566,1176
558,EG10567,972
559,EG10568,801
560,EG10569,852
561,EG10570,795
562,EG10571,249
563,EG10572,792
564,EG10573,834
565,EG10574,1380
566,EG10575,1047
567,EG10576,939
568,EG10577,1356
569,EG10578,1422
570,EG10579,1671
571,EG10580,825
572,EG10581,930
573,EG10582,1161
574,EG10583,1188
575,EG10584,2262
576,EG10585,891
577,EG10586,2034
578,EG10587,3684
579,EG10588,318
580,EG10589,1155
581,EG10590,2433
582,EG10591,954
583,EG10592,1521
584,EG10593,999
585,EG10594,1011
586,EG10595,951
587,EG10596,696
588,EG10597,813
589,EG10598,267
590,EG10599,1647
591,EG10600,294
592,EG10601,888
593,EG10602,927
594,EG10603,531
595,EG10604,1083
596,EG10605,2535
597,EG10606,1902
598,EG10607,1113
599,EG10608,1044
600,EG10609,1104
601,EG10610,489
602,EG10611,1110
603,EG10612,915
604,EG10613,1749
605,EG10614,972
606,EG10615,1914
607,EG10616,1149
608,EG10617,1245
609,EG10618,4461
610,EG10619,1476
611,EG10620,1317
612,EG10621,1488
613,EG10622,1359
614,EG10623,1068
615,EG10624,690
616,EG10625,2562
617,EG10626,390
618,EG10627,1053
619,EG10629,333
620,EG10630,1044
621,EG10631,1623
622,EG10632,1149
623,EG10633,801
624,EG10634,753
625,EG10635,1947
626,EG10636,1221
627,EG10637,894
628,EG10638,3744
629,EG10639,1539
630,EG10640,678
631,EG10641,711
632,EG10642,1392
633,EG10643,651
634,EG10644,681
635,EG10645,696
636,EG10646,1797
637,EG10647,1545
638,EG10648,3741
639,EG10649,1305
640,EG10650,432
641,EG10651,858
642,EG10652,1167
643,EG10653,2544
644,EG10654,807
645,EG10655,327
646,EG10656,279
647,EG10657,819
648,EG10658,1035
649,EG10660,2286
650,EG10661,1131
651,EG10662,636
652,EG10663,828
653,EG10664,1257
654,EG10665,1488
655,EG10666,420
656,EG10667,546
657,EG10668,516
658,EG10669,1041
659,EG10670,1104
660,EG10671,1089
661,EG10672,720
662,EG10673,954
663,EG10674,1632
664,EG10675,921
665,EG10676,909
666,EG10677,1014
667,EG10678,1005
668,EG10679,219
669,EG10680,432
670,EG10681,918
671,EG10682,564
672,EG10683,1362
673,EG10684,522
674,EG10685,1452
675,EG10686,2259
676,EG10687,1893
677,EG10688,1623
678,EG10689,627
679,EG10690,1398
680,EG10691,990
681,EG10692,1137
682,EG10693,732
683,EG10694,1512
684,EG10695,1458
685,EG10696,2613
686,EG10697,1326
687,EG10698,1332
688,EG10699,963
689,EG10700,930
690,EG10701,2283
691,EG10702,1650
692,EG10703,1164
693,EG10704,519
694,EG10705,765
695,EG10706,549
696,EG10707,1161
697,EG10708,1377
698,EG10709,984
699,EG10710,2388
700,EG10711,336
701,EG10712,444
702,EG10713,789
703,EG10714,1017
704,EG10715,726
705,EG10716,453
706,EG10717,585
707,EG10718,1065
708,EG10719,846
709,EG10720,759
710,EG10721,681
711,EG10722,1137
712,EG10723,558
713,EG10724,435
714,EG10725,759
715,EG10727,1416
716,EG10728,690
717,EG10729,1056
718,EG10730,1425
719,EG10731,672
720,EG10732,1461
721,EG10733,1296
722,EG10734,1041
723,EG10735,726
724,EG10736,1419
725,EG10737,555
726,EG10738,870
727,EG10739,1023
728,EG10740,2424
729,EG10741,1353
730,EG10742,1203
731,EG10743,2136
732,EG10744,1533
733,EG10745,1389
734,EG10746,2787
735,EG10747,2352
736,EG10748,2553
737,EG10749,1137
738,EG10750,828
739,EG10751,795
740,EG10752,1047
741,EG10753,1320
742,EG10754,1719
743,EG10755,531
744,EG10756,2652
745,EG10757,573
746,EG10758,495
747,EG10759,2379
748,EG10760,2049
749,EG10761,1083
750,EG10762,1098
751,EG10763,2199
752,EG10764,315
753,EG10765,528
754,EG10766,1332
755,EG10767,1254
756,EG10768,1104
757,EG10769,810
758,EG10770,1719
759,EG10771,1203
760,EG10772,1065
761,EG10773,993
762,EG10774,948
763,EG10775,969
764,EG10776,669
765,EG10777,225
766,EG10778,360
767,EG10779,222
768,EG10780,315
769,EG10781,1356
770,EG10782,891
771,EG10783,774
772,EG10784,960
773,EG10785,585
774,EG10786,2889
775,EG10787,1434
776,EG10788,258
777,EG10789,1728
778,EG10790,1299
779,EG10791,714
780,EG10792,1290
781,EG10793,510
782,EG10794,1518
783,EG10795,1590
784,EG10796,1068
785,EG10797,3888
786,EG10798,1038
787,EG10799,639
788,EG10800,1026
789,EG10801,3963
790,EG10802,1509
791,EG10803,1443
792,EG10804,1413
793,EG10805,936
794,EG10806,1047
795,EG10807,1011
796,EG10808,642
797,EG10809,738
798,EG10810,1638
799,EG10811,462
800,EG10812,1071
801,EG10813,276
802,EG10814,1506
803,EG10815,891
804,EG10816,966
805,EG10817,420
806,EG10818,930
807,EG10819,993
808,EG10820,624
809,EG10821,651
810,EG10822,2850
811,EG10823,1062
812,EG10824,3543
813,EG10825,3369
814,EG10826,1827
815,EG10827,2601
816,EG10828,1074
817,EG10829,2082
818,EG10830,1734
819,EG10831,1662
820,EG10832,729
821,EG10833,1830
822,EG10834,606
823,EG10835,2235
824,EG10836,240
825,EG10837,2022
826,EG10838,933
827,EG10839,489
828,EG10840,1104
829,EG10841,1407
830,EG10842,849
831,EG10843,837
832,EG10844,1266
833,EG10845,1260
834,EG10846,4134
835,EG10847,4236
836,EG10848,4194
837,EG10849,4281
838,EG10850,447
839,EG10851,585
840,EG10852,903
841,EG10853,540
842,EG10854,1089
843,EG10855,582
844,EG10856,807
845,EG10857,681
846,EG10858,1128
847,EG10859,3186
848,EG10860,468
849,EG10861,597
850,EG10862,360
851,EG10864,705
852,EG10865,822
853,EG10866,630
854,EG10867,606
855,EG10868,540
856,EG10869,534
857,EG10870,450
858,EG10871,498
859,EG10872,429
860,EG10873,366
861,EG10874,429
862,EG10875,372
863,EG10876,435
864,EG10877,411
865,EG10878,384
866,EG10879,354
867,EG10880,348
868,EG10881,357
869,EG10882,333
870,EG10883,303
871,EG10884,315
872,EG10885,285
873,EG10886,237
874,EG10887,192
875,EG10888,180
876,EG10889,213
877,EG10890,174
878,EG10891,168
879,EG10892,141
880,EG10893,990
881,EG10894,4029
882,EG10895,4224
883,EG10896,1842
884,EG10897,855
885,EG10898,1434
886,EG10899,276
887,EG10900,1674
888,EG10901,726
889,EG10902,702
890,EG10903,621
891,EG10904,504
892,EG10905,396
893,EG10906,540
894,EG10907,393
895,EG10908,393
896,EG10909,312
897,EG10910,390
898,EG10911,375
899,EG10912,357
900,EG10913,306
901,EG10914,270
902,EG10915,249
903,EG10916,255
904,EG10917,228
905,EG10918,279
906,EG10919,264
907,EG10920,216
908,EG10921,498
909,EG10922,951
910,EG10923,612
911,EG10924,1011
912,EG10925,522
913,EG10926,1428
914,EG10927,3147
915,EG10928,1221
916,EG10929,990
917,EG10930,1365
918,EG10931,1767
919,EG10932,717
920,EG10933,390
921,EG10934,348
922,EG10935,723
923,EG10936,2706
924,EG10937,468
925,EG10938,1848
926,EG10939,384
927,EG10940,972
928,EG10941,1392
929,EG10942,1845
930,EG10943,1044
931,EG10944,1233
932,EG10945,969
933,EG10946,1089
934,EG10947,1293
935,EG10948,1698
936,EG10949,705
937,EG10950,1938
938,EG10951,645
939,EG10952,342
940,EG10953,621
941,EG10954,582
942,EG10955,336
943,EG10956,1050
944,EG10957,465
945,EG10958,324
946,EG10959,1977
947,EG10960,921
948,EG10961,2136
949,EG10962,795
950,EG10963,867
951,EG10964,2199
952,EG10965,624
953,EG10966,2109
954,EG10967,690
955,EG10968,1857
956,EG10969,564
957,EG10970,372
958,EG10971,780
959,EG10972,360
960,EG10973,966
961,EG10974,774
962,EG10975,1335
963,EG10976,537
964,EG10977,639
965,EG10978,498
966,EG10979,2802
967,EG10980,1218
968,EG10981,1167
969,EG10982,870
970,EG10983,804
971,EG10984,510
972,EG10985,1287
973,EG10986,564
974,EG10987,1602
975,EG10988,1662
976,EG10989,939
977,EG10990,990
978,EG10991,1332
979,EG10992,219
980,EG10993,1026
981,EG10994,618
982,EG10995,861
983,EG10996,1128
984,EG10997,1365
985,EG10998,2463
986,EG10999,933
987,EG11000,1287
988,EG11001,1929
989,EG11002,795
990,EG11003,1299
991,EG11004,2061
992,EG11005,1416
993,EG11006,1248
994,EG11007,1266
995,EG11008,1293
996,EG11009,1482
997,EG11010,693
998,EG11011,429
999,EG11012,720
1000,EG11013,2598
1001,EG11014,1962
1002,EG11015,768
1003,EG11016,90
1004,EG11017,1698
1005,EG11018,1641
1006,EG11019,1377
1007,EG11020,1458
1008,EG11021,1452
1009,EG11022,1101
1010,EG11023,768
1011,EG11024,807
1012,EG11025,1194
1013,EG11026,1362
1014,EG11027,1596
1015,EG11028,1563
1016,EG11029,327
1017,EG11030,1005
1018,EG11031,330
1019,EG11032,966
1020,EG11033,852
1021,EG11034,1656
1022,EG11035,885
1023,EG11036,1185
1024,EG11037,1185
1025,EG11038,930
1026,EG11039,1122
1027,EG11040,1194
1028,EG11041,1212
1029,EG11042,1542
1030,EG11043,1275
1031,EG11044,570
1032,EG11045,762
1033,EG11046,888
1034,EG11047,1317
1035,EG11048,1071
1036,EG11049,846
1037,EG11050,744
1038,EG11051,591
1039,EG11052,1503
1040,EG11053,1320
1041,EG11054,1392
1042,EG11055,1812
1043,EG11056,1269
1044,EG11057,420
1045,EG11058,690
1046,EG11059,1014
1047,EG11060,1653
1048,EG11061,2823
1049,EG11062,2022
1050,EG11063,1833
1051,EG11064,2163
1052,EG11065,1452
1053,EG11066,1185
1054,EG11067,2856
1055,EG11068,471
1056,EG11069,897
1057,EG11070,711
1058,EG11071,897
1059,EG11072,1371
1060,EG11073,807
1061,EG11074,1323
1062,EG11075,1455
1063,EG11076,1476
1064,EG11078,906
1065,EG11079,942
1066,EG11080,450
1067,EG11081,951
1068,EG11082,915
1069,EG11083,2907
1070,EG11084,459
1071,EG11085,942
1072,EG11086,366
1073,EG11087,513
1074,EG11088,765
1075,EG11089,348
1076,EG11090,699
1077,EG11091,1245
1078,EG11093,192
1079,EG11094,1203
1080,EG11095,582
1081,EG11096,333
1082,EG11097,348
1083,EG11098,243
1084,EG11099,354
1085,EG11100,330
1086,EG11101,960
1087,EG11102,1305
1088,EG11103,633
1089,EG11104,1251
1090,EG11105,414
1091,EG11107,198
1092,EG11108,510
1093,EG11109,723
1094,EG11110,405
1095,EG11111,225
1096,EG11112,705
1097,EG11113,660
1098,EG11114,93
1099,EG11116,1053
1100,EG11117,561
1101,EG11118,960
1102,EG11119,522
1103,EG11120,603
1104,EG11121,399
1105,EG11122,540
1106,EG11123,744
1107,EG11124,639
1108,EG11125,507
1109,EG11126,501
1110,EG11127,180
1111,EG11128,327
1112,EG11129,252
1113,EG11130,156
1114,EG11131,288
1115,EG11132,834
1116,EG11133,465
1117,EG11134,552
1118,EG11135,642
1119,EG11136,603
1120,EG11137,741
1121,EG11138,453
1122,EG11139,666
1123,EG11140,657
1124,EG11141,921
1125,EG11142,1689
1126,EG11143,723
1127,EG11144,810
1128,EG11145,2190
1129,EG11146,885
1130,EG11147,357
1131,EG11149,573
1132,EG11150,618
1133,EG11151,342
1134,EG11152,483
1135,EG11153,549
1136,EG11154,324
1137,EG11155,408
1138,EG11156,564
1139,EG11157,693
1140,EG11158,549
1141,EG11159,636
1142,EG11160,861
1143,EG11161,714
1144,EG11162,510
1145,EG11164,672
1146,EG11165,1161
1147,EG11166,789
1148,EG11167,774
1149,EG11168,912
1150,EG11169,606
1151,EG11171,1014
1152,EG11172,1209
1153,EG11173,540
1154,EG11174,1188
1155,EG11175,1146
1156,EG11176,885
1157,EG11177,945
1158,EG11178,402
1159,EG11179,453
1160,EG11180,411
1161,EG11181,195
1162,EG11182,405
1163,EG11183,1287
1164,EG11184,441
1165,EG11186,438
1166,EG11187,843
1167,EG11188,858
1168,EG11189,960
1169,EG11190,480
1170,EG11191,597
1171,EG11192,864
1172,EG11193,825
1173,EG11194,1392
1174,EG11195,813
1175,EG11196,399
1176,EG11197,1647
1177,EG11198,1371
1178,EG11199,444
1179,EG11201,708
1180,EG11202,717
1181,EG11203,633
1182,EG11204,858
1183,EG11205,1029
1184,EG11206,384
1185,EG11207,444
1186,EG11208,2187
1187,EG11209,411
1188,EG11210,2229
1189,EG11211,978
1190,EG11212,426
1191,EG11214,495
1192,EG11215,474
1193,EG11217,474
1194,EG11218,690
1195,EG11219,174
1196,EG11221,1476
1197,EG11222,849
1198,EG11223,1374
1199,EG11224,366
1200,EG11225,1302
1201,EG11226,1572
1202,EG11227,3048
1203,EG11228,885
1204,EG11229,654
1205,EG11230,909
1206,EG11231,198
1207,EG11232,117
1208,EG11233,1302
1209,EG11234,867
1210,EG11235,1365
1211,EG11236,1089
1212,EG11237,2694
1213,EG11238,477
1214,EG11239,819
1215,EG11240,150
1216,EG11241,627
1217,EG11242,1149
1218,EG11244,741
1219,EG11245,966
1220,EG11246,951
1221,EG11247,1302
1222,EG11249,336
1223,EG11250,252
1224,EG11251,810
1225,EG11252,705
1226,EG11253,1848
1227,EG11254,468
1228,EG11255,318
1229,EG11256,261
1230,EG11257,1116
1231,EG11258,858
1232,EG11259,2442
1233,EG11260,1521
1234,EG11261,723
1235,EG11262,1182
1236,EG11263,420
1237,EG11265,684
1238,EG11266,1035
1239,EG11267,342
1240,EG11268,948
1241,EG11269,51
1242,EG11270,99
1243,EG11271,48
1244,EG11272,45
1245,EG11274,45
1246,EG11275,99
1247,EG11276,75
1248,EG11277,66
1249,EG11279,135
1250,EG11280,87
1251,EG11281,1848
1252,EG11282,2019
1253,EG11284,456
1254,EG11285,1335
1255,EG11286,1152
1256,EG11287,354
1257,EG11288,909
1258,EG11289,1236
1259,EG11290,1158
1260,EG11291,759
1261,EG11292,885
1262,EG11293,624
1263,EG11294,852
1264,EG11295,1047
1265,EG11296,1383
1266,EG11297,627
1267,EG11298,594
1268,EG11299,1470
1269,EG11300,156
1270,EG11301,129
1271,EG11302,219
1272,EG11303,192
1273,EG11305,204
1274,EG11306,966
1275,EG11309,861
1276,EG11310,2307
1277,EG11311,966
1278,EG11312,669
1279,EG11313,1035
1280,EG11314,1371
1281,EG11315,975
1282,EG11316,2031
1283,EG11317,930
1284,EG11318,735
1285,EG11319,909
1286,EG11320,450
1287,EG11321,1104
1288,EG11322,471
1289,EG11323,579
1290,EG11324,1179
1291,EG11325,2676
1292,EG11326,1284
1293,EG11327,1260
1294,EG11328,336
1295,EG11329,1449
1296,EG11330,1401
1297,EG11331,591
1298,EG11332,627
1299,EG11333,1203
1300,EG11334,1683
1301,EG11335,1233
1302,EG11336,708
1303,EG11337,1470
1304,EG11338,375
1305,EG11339,1125
1306,EG11340,798
1307,EG11341,1035
1308,EG11342,648
1309,EG11343,1227
1310,EG11344,1107
1311,EG11345,642
1312,EG11346,315
1313,EG11347,1659
1314,EG11348,258
1315,EG11350,936
1316,EG11351,1080
1317,EG11352,1020
1318,EG11353,1017
1319,EG11354,1173
1320,EG11355,720
1321,EG11356,552
1322,EG11357,2151
1323,EG11358,1260
1324,EG11359,678
1325,EG11360,825
1326,EG11361,1854
1327,EG11362,927
1328,EG11363,1338
1329,EG11364,1617
1330,EG11366,870
1331,EG11367,2757
1332,EG11368,858
1333,EG11369,498
1334,EG11370,873
1335,EG11371,636
1336,EG11372,504
1337,EG11373,1557
1338,EG11374,480
1339,EG11375,669
1340,EG11376,1413
1341,EG11377,738
1342,EG11378,369
1343,EG11379,1137
1344,EG11380,1545
1345,EG11381,201
1346,EG11383,654
1347,EG11384,564
1348,EG11385,1566
1349,EG11387,1488
1350,EG11388,411
1351,EG11389,366
1352,EG11390,435
1353,EG11391,606
1354,EG11392,1542
1355,EG11393,531
1356,EG11394,648
1357,EG11395,360
1358,EG11396,1494
1359,EG11398,333
1360,EG11399,327
1361,EG11400,648
1362,EG11401,321
1363,EG11402,1656
1364,EG11403,1542
1365,EG11404,1092
1366,EG11405,1767
1367,EG11406,642
1368,EG11407,1299
1369,EG11408,1071
1370,EG11409,987
1371,EG11410,552
1372,EG11411,2673
1373,EG11412,1032
1374,EG11413,444
1375,EG11414,414
1376,EG11415,504
1377,EG11417,2139
1378,EG11418,582
1379,EG11419,1191
1380,EG11421,900
1381,EG11422,651
1382,EG11423,1074
1383,EG11424,1260
1384,EG11425,699
1385,EG11426,852
1386,EG11427,1992
1387,EG11428,1401
1388,EG11429,540
1389,EG11430,1122
1390,EG11431,345
1391,EG11432,393
1392,EG11433,639
1393,EG11434,384
1394,EG11435,435
1395,EG11436,1020
1396,EG11437,1071
1397,EG11438,585
1398,EG11439,1539
1399,EG11440,510
1400,EG11441,2043
1401,EG11442,1095
1402,EG11443,660
1403,EG11444,2145
1404,EG11445,996
1405,EG11447,186
1406,EG11448,1959
1407,EG11449,840
1408,EG11450,339
1409,EG11451,1131
1410,EG11452,1263
1411,EG11453,1068
1412,EG11454,882
1413,EG11455,675
1414,EG11456,1131
1415,EG11457,1353
1416,EG11458,741
1417,EG11459,1386
1418,EG11460,1701
1419,EG11462,765
1420,EG11463,951
1421,EG11464,381
1422,EG11465,381
1423,EG11466,891
1424,EG11467,468
1425,EG11468,621
1426,EG11469,621
1427,EG11470,801
1428,EG11471,900
1429,EG11472,1428
1430,EG11473,756
1431,EG11474,606
1432,EG11476,1641
1433,EG11478,270
1434,EG11479,777
1435,EG11481,783
1436,EG11484,615
1437,EG11485,546
1438,EG11486,1251
1439,EG11487,657
1440,EG11488,330
1441,EG11489,456
1442,EG11490,1401
1443,EG11491,1380
1444,EG11492,984
1445,EG11493,810
1446,EG11494,1023
1447,EG11495,573
1448,EG11497,882
1449,EG11498,885
1450,EG11499,966
1451,EG11500,1005
1452,EG11501,2268
1453,EG11502,405
1454,EG11503,708
1455,EG11504,816
1456,EG11505,231
1457,EG11506,1935
1458,EG11507,630
1459,EG11508,138
1460,EG11510,2067
1461,EG11511,588
1462,EG11512,567
1463,EG11513,405
1464,EG11514,765
1465,EG11515,675
1466,EG11516,1533
1467,EG11517,1011
1468,EG11518,747
1469,EG11519,402
1470,EG11520,384
1471,EG11521,207
1472,EG11522,327
1473,EG11523,570
1474,EG11524,762
1475,EG11525,1137
1476,EG11526,1137
1477,EG11527,648
1478,EG11528,789
1479,EG11529,960
1480,EG11530,1686
1481,EG11531,1149
1482,EG11532,963
1483,EG11533,279
1484,EG11534,414
1485,EG11535,429
1486,EG11536,1662
1487,EG11537,648
1488,EG11538,738
1489,EG11539,726
1490,EG11540,597
1491,EG11541,1869
1492,EG11542,627
1493,EG11543,1065
1494,EG11544,528
1495,EG11545,954
1496,EG11546,894
1497,EG11547,648
1498,EG11548,4617
1499,EG11549,1227
1500,EG11551,2253
1501,EG11552,528
1502,EG11553,1338
1503,EG11554,405
1504,EG11555,1431
1505,EG11556,954
1506,EG11557,786
1507,EG11558,1554
1508,EG11559,1218
1509,EG11560,1143
1510,EG11561,1515
1511,EG11562,771
1512,EG11563,942
1513,EG11564,1287
1514,EG11565,288
1515,EG11566,1332
1516,EG11568,531
1517,EG11569,2355
1518,EG11570,816
1519,EG11571,765
1520,EG11572,699
1521,EG11573,1611
1522,EG11574,984
1523,EG11575,606
1524,EG11576,1401
1525,EG11577,1092
1526,EG11578,477
1527,EG11579,483
1528,EG11580,963
1529,EG11581,1086
1530,EG11583,1782
1531,EG11584,777
1532,EG11585,1896
1533,EG11586,636
1534,EG11587,756
1535,EG11589,771
1536,EG11590,1134
1537,EG11591,642
1538,EG11592,264
1539,EG11594,954
1540,EG11595,990
1541,EG11596,513
1542,EG11597,246
1543,EG11598,453
1544,EG11599,219
1545,EG11600,846
1546,EG11601,777
1547,EG11602,2841
1548,EG11603,1302
1549,EG11604,1125
1550,EG11605,474
1551,EG11606,1254
1552,EG11607,297
1553,EG11608,1461
1554,EG11609,615
1555,EG11610,3594
1556,EG11612,1503
1557,EG11613,1644
1558,EG11614,1092
1559,EG11615,669
1560,EG11616,318
1561,EG11617,1404
1562,EG11618,723
1563,EG11619,3447
1564,EG11620,1935
1565,EG11621,1032
1566,EG11622,1773
1567,EG11623,1368
1568,EG11624,729
1569,EG11625,732
1570,EG11626,717
1571,EG11627,669
1572,EG11628,732
1573,EG11629,1113
1574,EG11630,1134
1575,EG11631,954
1576,EG11632,846
1577,EG11635,546
1578,EG11636,1191
1579,EG11637,666
1580,EG11639,900
1581,EG11640,1188
1582,EG11643,891
1583,EG11644,393
1584,EG11645,519
1585,EG11646,942
1586,EG11647,960
1587,EG11648,804
1588,EG11649,915
1589,EG11650,801
1590,EG11651,624
1591,EG11652,1068
1592,EG11653,321
1593,EG11654,996
1594,EG11656,687
1595,EG11657,687
1596,EG11658,1374
1597,EG11659,414
1598,EG11660,1206
1599,EG11661,234
1600,EG11663,591
1601,EG11664,219
1602,EG11665,822
1603,EG11666,486
1604,EG11667,1827
1605,EG11668,1386
1606,EG11669,663
1607,EG11670,651
1608,EG11671,1323
1609,EG11672,1185
1610,EG11673,369
1611,EG11674,618
1612,EG11675,795
1613,EG11676,531
1614,EG11677,1473
1615,EG11678,1239
1616,EG11679,2160
1617,EG11680,726
1618,EG11681,288
1619,EG11682,492
1620,EG11683,618
1621,EG11684,1710
1622,EG11685,2319
1623,EG11686,1383
1624,EG11687,1185
1625,EG11688,924
1626,EG11689,1191
1627,EG11690,453
1628,EG11691,1335
1629,EG11692,1767
1630,EG11693,1185
1631,EG11694,498
1632,EG11695,363
1633,EG11696,348
1634,EG11697,450
1635,EG11698,1041
1636,EG11699,753
1637,EG11700,720
1638,EG11701,642
1639,EG11702,774
1640,EG11703,1194
1641,EG11704,3150
1642,EG11705,1494
1643,EG11706,1716
1644,EG11707,894
1645,EG11711,717
1646,EG11712,333
1647,EG11713,1248
1648,EG11714,1065
1649,EG11715,1293
1650,EG11716,618
1651,EG11717,879
1652,EG11718,690
1653,EG11719,657
1654,EG11720,1176
1655,EG11721,960
1656,EG11722,750
1657,EG11723,567
1658,EG11724,1338
1659,EG11725,666
1660,EG11726,468
1661,EG11727,588
1662,EG11728,723
1663,EG11729,1170
1664,EG11730,1452
1665,EG11731,1497
1666,EG11732,1428
1667,EG11733,693
1668,EG11734,1065
1669,EG11735,1272
1670,EG11736,576
1671,EG11737,654
1672,EG11738,477
1673,EG11739,2238
1674,EG11740,2973
1675,EG11741,663
1676,EG11742,1686
1677,EG11743,2373
1678,EG11744,2796
1679,EG11746,852
1680,EG11747,381
1681,EG11748,903
1682,EG11749,1230
1683,EG11750,879
1684,EG11751,1425
1685,EG11752,801
1686,EG11753,1101
1687,EG11754,1179
1688,EG11755,852
1689,EG11756,1170
1690,EG11757,462
1691,EG11758,1548
1692,EG11759,759
1693,EG11760,483
1694,EG11761,234
1695,EG11762,609
1696,EG11763,462
1697,EG11764,1137
1698,EG11765,363
1699,EG11767,1125
1700,EG11768,1095
1701,EG11769,369
1702,EG11773,1530
1703,EG11774,1338
1704,EG11775,294
1705,EG11776,765
1706,EG11779,720
1707,EG11781,1437
1708,EG11782,483
1709,EG11783,1242
1710,EG11784,384
1711,EG11785,882
1712,EG11786,1038
1713,EG11787,1122
1714,EG11788,966
1715,EG11789,480
1716,EG11790,1224
1717,EG11791,444
1718,EG11792,1389
1719,EG11793,396
1720,EG11794,1101
1721,EG11795,918
1722,EG11796,1017
1723,EG11797,951
1724,EG11798,1203
1725,EG11799,987
1726,EG11800,1179
1727,EG11801,1704
1728,EG11802,495
1729,EG11803,489
1730,EG11804,342
1731,EG11805,249
1732,EG11806,660
1733,EG11807,357
1734,EG11808,291
1735,EG11809,1179
1736,EG11810,2874
1737,EG11811,1626
1738,EG11812,1164
1739,EG11814,2547
1740,EG11815,1173
1741,EG11816,480
1742,EG11817,762
1743,EG11819,843
1744,EG11820,576
1745,EG11821,1287
1746,EG11822,1281
1747,EG11823,870
1748,EG11824,660
1749,EG11825,894
1750,EG11826,2181
1751,EG11827,450
1752,EG11828,528
1753,EG11829,585
1754,EG11830,270
1755,EG11831,987
1756,EG11832,1431
1757,EG11833,933
1758,EG11835,510
1759,EG11836,1374
1760,EG11837,1824
1761,EG11838,711
1762,EG11839,981
1763,EG11840,1266
1764,EG11841,1404
1765,EG11842,1386
1766,EG11843,2037
1767,EG11844,927
1768,EG11845,1242
1769,EG11846,879
1770,EG11847,897
1771,EG11848,897
1772,EG11849,786
1773,EG11850,600
1774,EG11851,873
1775,EG11852,438
1776,EG11853,990
1777,EG11854,213
1778,EG11855,219
1779,EG11856,636
1780,EG11857,903
1781,EG11858,3051
1782,EG11859,834
1783,EG11860,1056
1784,EG11861,1749
1785,EG11862,1071
1786,EG11863,1452
1787,EG11864,447
1788,EG11865,315
1789,EG11866,825
1790,EG11867,1260
1791,EG11868,1470
1792,EG11869,984
1793,EG11870,675
1794,EG11871,759
1795,EG11872,501
1796,EG11873,903
1797,EG11874,600
1798,EG11875,441
1799,EG11876,300
1800,EG11877,429
1801,EG11878,246
1802,EG11879,486
1803,EG11880,927
1804,EG11881,1332
1805,EG11882,609
1806,EG11883,993
1807,EG11884,594
1808,EG11885,1536
1809,EG11886,2544
1810,EG11887,420
1811,EG11888,474
1812,EG11889,531
1813,EG11890,567
1814,EG11891,1059
1815,EG11892,474
1816,EG11893,1167
1817,EG11894,228
1818,EG11895,1059
1819,EG11896,1359
1820,EG11897,576
1821,EG11899,810
1822,EG11900,195
1823,EG11901,210
1824,EG11902,906
1825,EG11903,618
1826,EG11904,1104
1827,EG11905,663
1828,EG11906,2502
1829,EG11908,1080
1830,EG11909,321
1831,EG11910,2298
1832,EG11911,879
1833,EG11912,342
1834,EG11913,852
1835,EG11914,1734
1836,EG11915,672
1837,EG11916,591
1838,EG11917,696
1839,EG11918,426
1840,EG11919,1632
1841,EG11920,690
1842,EG11921,873
1843,EG11922,273
1844,EG11923,243
1845,EG11924,639
1846,EG11925,738
1847,EG11926,2097
1848,EG11928,210
1849,EG11929,516
1850,EG11930,255
1851,EG11931,708
1852,EG11932,1038
1853,EG11933,243
1854,EG11934,714
1855,EG11935,417
1856,EG11936,357
1857,EG11937,282
1858,EG11938,1587
1859,EG11939,1350
1860,EG11940,1650
1861,EG11941,1293
1862,EG11942,1650
1863,EG11943,315
1864,EG11945,567
1865,EG11946,672
1866,EG11947,957
1867,EG11948,1659
1868,EG11949,384
1869,EG11950,597
1870,EG11951,690
1871,EG11952,1467
1872,EG11953,2052
1873,EG11954,1032
1874,EG11955,1986
1875,EG11956,930
1876,EG11957,696
1877,EG11958,981
1878,EG11959,1533
1879,EG11960,678
1880,EG11961,1656
1881,EG11962,777
1882,EG11963,1191
1883,EG11964,363
1884,EG11965,588
1885,EG11966,762
1886,EG11967,1644
1887,EG11968,219
1888,EG11969,426
1889,EG11970,369
1890,EG11971,1203
1891,EG11972,2598
1892,EG11973,741
1893,EG11974,540
1894,EG11975,738
1895,EG11976,270
1896,EG11977,786
1897,EG11978,882
1898,EG11979,558
1899,EG11980,1248
1900,EG11981,1104
1901,EG11982,1167
1902,EG11983,993
1903,EG11984,591
1904,EG11985,1119
1905,EG11987,1035
1906,EG11988,2481
1907,EG11989,720
1908,EG11990,543
1909,EG11991,282
1910,EG11995,3633
1911,EG11997,318
1912,EG11998,1089
1913,EG11999,2280
1914,EG12002,1137
1915,EG12004,462
1916,EG12005,471
1917,EG12006,720
1918,EG12007,1686
1919,EG12008,732
1920,EG12009,732
1921,EG12010,927
1922,EG12011,1158
1923,EG12012,918
1924,EG12013,2298
1925,EG12015,933
1926,EG12016,588
1927,EG12017,579
1928,EG12019,762
1929,EG12022,948
1930,EG12023,399
1931,EG12024,696
1932,EG12025,720
1933,EG12026,837
1934,EG12027,1050
1935,EG12028,1089
1936,EG12029,1251
1937,EG12030,942
1938,EG12031,660
1939,EG12032,1251
1940,EG12033,939
1941,EG12034,1182
1942,EG12035,573
1943,EG12036,1467
1944,EG12037,1815
1945,EG12038,1095
1946,EG12040,1026
1947,EG12041,1590
1948,EG12042,345
1949,EG12043,228
1950,EG12044,696
1951,EG12045,1761
1952,EG12048,1008
1953,EG12049,1761
1954,EG12052,1053
1955,EG12053,558
1956,EG12054,1944
1957,EG12055,480
1958,EG12057,738
1959,EG12058,663
1960,EG12059,624
1961,EG12060,603
1962,EG12061,450
1963,EG12062,864
1964,EG12064,696
1965,EG12067,2487
1966,EG12068,495
1967,EG12069,1647
1968,EG12070,1644
1969,EG12073,1056
1970,EG12074,210
1971,EG12075,1575
1972,EG12076,945
1973,EG12077,834
1974,EG12078,765
1975,EG12079,807
1976,EG12080,501
1977,EG12081,471
1978,EG12082,444
1979,EG12083,663
1980,EG12084,1791
1981,EG12086,501
1982,EG12087,2727
1983,EG12088,978
1984,EG12089,543
1985,EG12090,555
1986,EG12091,303
1987,EG12092,1842
1988,EG12093,1458
1989,EG12094,1656
1990,EG12095,333
1991,EG12096,351
1992,EG12097,732
1993,EG12098,981
1994,EG12099,567
1995,EG12100,2004
1996,EG12101,228
1997,EG12102,2322
1998,EG12104,987
1999,EG12105,882
2000,EG12106,1386
2001,EG12107,441
2002,EG12108,1515
2003,EG12110,801
2004,EG12111,1140
2005,EG12112,213
2006,EG12113,1239
2007,EG12114,1590
2008,EG12115,678
2009,EG12116,648
2010,EG12119,459
2011,EG12120,906
2012,EG12121,1014
2013,EG12122,498
2014,EG12123,939
2015,EG12124,783
2016,EG12125,687
2017,EG12126,90
2018,EG12127,1422
2019,EG12128,876
2020,EG12129,1290
2021,EG12130,1851
2022,EG12131,516
2023,EG12132,324
2024,EG12133,792
2025,EG12134,888
2026,EG12135,516
2027,EG12136,1416
2028,EG12137,711
2029,EG12138,825
2030,EG12139,714
2031,EG12140,933
2032,EG12141,1212
2033,EG12142,1290
2034,EG12143,264
2035,EG12144,1641
2036,EG12146,855
2037,EG12147,273
2038,EG12148,1395
2039,EG12149,309
2040,EG12150,744
2041,EG12151,1080
2042,EG12152,564
2043,EG12153,1389
2044,EG12154,489
2045,EG12155,222
2046,EG12156,171
2047,EG12157,156
2048,EG12158,912
2049,EG12159,285
2050,EG12163,1290
2051,EG12164,648
2052,EG12165,1323
2053,EG12166,780
2054,EG12167,786
2055,EG12168,1320
2056,EG12169,210
2057,EG12171,1551
2058,EG12172,360
2059,EG12173,462
2060,EG12174,135
2061,EG12176,576
2062,EG12177,339
2063,EG12178,1698
2064,EG12179,210
2065,EG12180,561
2066,EG12181,348
2067,EG12182,579
2068,EG12183,1476
2069,EG12184,630
2070,EG12185,423
2071,EG12186,582
2072,EG12187,828
2073,EG12188,2247
2074,EG12189,900
2075,EG12190,1053
2076,EG12191,339
2077,EG12192,879
2078,EG12193,921
2079,EG12194,306
2080,EG12195,600
2081,EG12196,1257
2082,EG12197,546
2083,EG12198,750
2084,EG12200,1353
2085,EG12201,345
2086,EG12202,948
2087,EG12203,216
2088,EG12204,210
2089,EG12205,213
2090,EG12207,810
2091,EG12209,384
2092,EG12210,1047
2093,EG12211,384
2094,EG12212,270
2095,EG12213,360
2096,EG12214,627
2097,EG12215,2199
2098,EG12216,246
2099,EG12217,666
2100,EG12218,558
2101,EG12219,1218
2102,EG12220,1050
2103,EG12221,588
2104,EG12223,2736
2105,EG12224,1068
2106,EG12225,1623
2107,EG12228,1053
2108,EG12229,1203
2109,EG12230,1500
2110,EG12231,336
2111,EG12232,1470
2112,EG12233,753
2113,EG12234,843
2114,EG12235,354
2115,EG12236,1290
2116,EG12237,426
2117,EG12240,1158
2118,EG12241,3114
2119,EG12242,729
2120,EG12243,825
2121,EG12244,1398
2122,EG12245,1650
2123,EG12246,603
2124,EG12247,900
2125,EG12248,1014
2126,EG12249,1323
2127,EG12251,2061
2128,EG12252,768
2129,EG12253,930
2130,EG12254,1497
2131,EG12256,1989
2132,EG12257,3474
2133,EG12258,1107
2134,EG12259,2340
2135,EG12260,2619
2136,EG12262,189
2137,EG12263,1572
2138,EG12264,192
2139,EG12265,1680
2140,EG12266,1272
2141,EG12267,1692
2142,EG12268,1209
2143,EG12269,699
2144,EG12270,441
2145,EG12271,660
2146,EG12272,975
2147,EG12273,711
2148,EG12274,996
2149,EG12275,1542
2150,EG12276,1182
2151,EG12278,849
2152,EG12279,999
2153,EG12280,468
2154,EG12281,474
2155,EG12282,1278
2156,EG12283,987
2157,EG12284,1497
2158,EG12285,663
2159,EG12286,861
2160,EG12287,696
2161,EG12288,741
2162,EG12289,975
2163,EG12290,1137
2164,EG12291,324
2165,EG12292,1539
2166,EG12293,1152
2167,EG12294,252
2168,EG12295,432
2169,EG12296,1545
2170,EG12297,1260
2171,EG12298,960
2172,EG12301,639
2173,EG12302,642
2174,EG12303,798
2175,EG12304,993
2176,EG12305,807
2177,EG12306,447
2178,EG12307,459
2179,EG12308,849
2180,EG12309,687
2181,EG12310,1284
2182,EG12311,201
2183,EG12312,621
2184,EG12313,744
2185,EG12314,198
2186,EG12315,1854
2187,EG12316,2598
2188,EG12318,1551
2189,EG12319,663
2190,EG12320,927
2191,EG12321,771
2192,EG12322,441
2193,EG12323,900
2194,EG12325,597
2195,EG12326,606
2196,EG12327,570
2197,EG12328,585
2198,EG12329,2430
2199,EG12330,531
2200,EG12331,1422
2201,EG12332,345
2202,EG12333,624
2203,EG12334,801
2204,EG12335,1158
2205,EG12336,387
2206,EG12337,813
2207,EG12338,1155
2208,EG12340,1047
2209,EG12341,651
2210,EG12342,1332
2211,EG12343,1668
2212,EG12344,978
2213,EG12345,747
2214,EG12346,153
2215,EG12347,753
2216,EG12352,282
2217,EG12353,204
2218,EG12354,423
2219,EG12356,1599
2220,EG12357,1647
2221,EG12358,768
2222,EG12359,567
2223,EG12360,255
2224,EG12361,762
2225,EG12362,1296
2226,EG12363,552
2227,EG12365,870
2228,EG12366,732
2229,EG12367,3144
2230,EG12368,786
2231,EG12369,1359
2232,EG12370,1128
2233,EG12371,885
2234,EG12372,756
2235,EG12373,1365
2236,EG12374,168
2237,EG12375,2265
2238,EG12376,999
2239,EG12378,567
2240,EG12379,819
2241,EG12380,1317
2242,EG12381,960
2243,EG12382,477
2244,EG12384,894
2245,EG12385,2673
2246,EG12386,663
2247,EG12387,1269
2248,EG12388,516
2249,EG12389,717
2250,EG12391,192
2251,EG12392,1680
2252,EG12393,1464
2253,EG12394,414
2254,EG12395,294
2255,EG12396,3318
2256,EG12397,711
2257,EG12399,1419
2258,EG12400,1374
2259,EG12401,1155
2260,EG12402,231
2261,EG12403,696
2262,EG12404,354
2263,EG12405,1395
2264,EG12406,672
2265,EG12407,966
2266,EG12409,1980
2267,EG12410,576
2268,EG12411,900
2269,EG12412,1086
2270,EG12413,1158
2271,EG12414,453
2272,EG12415,285
2273,EG12417,1041
2274,EG12418,1263
2275,EG12419,855
2276,EG12420,933
2277,EG12421,267
2278,EG12422,261
2279,EG12423,852
2280,EG12424,834
2281,EG12425,219
2282,EG12427,774
2283,EG12429,375
2284,EG12431,558
2285,EG12432,1596
2286,EG12433,876
2287,EG12434,621
2288,EG12436,1353
2289,EG12437,1356
2290,EG12438,759
2291,EG12439,996
2292,EG12440,1374
2293,EG12442,1287
2294,EG12443,327
2295,EG12444,540
2296,EG12445,588
2297,EG12446,366
2298,EG12447,561
2299,EG12448,891
2300,EG12449,933
2301,EG12450,1134
2302,EG12451,1215
2303,EG12452,1020
2304,EG12453,417
2305,EG12454,480
2306,EG12455,1194
2307,EG12456,1536
2308,EG12457,1509
2309,EG12458,936
2310,EG12459,891
2311,EG12460,879
2312,EG12462,1338
2313,EG12463,630
2314,EG12464,720
2315,EG12465,1632
2316,EG12466,231
2317,EG12467,273
2318,EG12468,297
2319,EG12469,1458
2320,EG12470,1257
2321,EG12471,354
2322,EG12472,870
2323,EG12473,1029
2324,EG12474,534
2325,EG12475,1503
2326,EG12476,315
2327,EG12477,315
2328,EG12478,3324
2329,EG12479,1053
2330,EG12480,546
2331,EG12481,1140
2332,EG12482,198
2333,EG12483,732
2334,EG12484,402
2335,EG12485,699
2336,EG12486,660
2337,EG12487,399
2338,EG12488,639
2339,EG12489,330
2340,EG12490,750
2341,EG12491,756
2342,EG12492,1065
2343,EG12493,1398
2344,EG12494,306
2345,EG12495,465
2346,EG12496,651
2347,EG12497,855
2348,EG12498,687
2349,EG12499,276
2350,EG12500,795
2351,EG12502,639
2352,EG12503,621
2353,EG12504,1413
2354,EG12505,663
2355,EG12506,966
2356,EG12507,861
2357,EG12508,381
2358,EG12509,939
2359,EG12510,555
2360,EG12511,207
2361,EG12512,1344
2362,EG12513,1734
2363,EG12514,3780
2364,EG12516,342
2365,EG12517,957
2366,EG12518,1503
2367,EG12520,1026
2368,EG12521,276
2369,EG12522,1572
2370,EG12523,465
2371,EG12524,387
2372,EG12525,2697
2373,EG12527,396
2374,EG12528,714
2375,EG12529,594
2376,EG12530,453
2377,EG12531,1815
2378,EG12532,504
2379,EG12533,1197
2380,EG12535,1101
2381,EG12536,1083
2382,EG12537,1503
2383,EG12538,999
2384,EG12539,1320
2385,EG12540,765
2386,EG12541,1032
2387,EG12544,1218
2388,EG12545,1119
2389,EG12548,1350
2390,EG12549,1968
2391,EG12550,906
2392,EG12551,789
2393,EG12552,783
2394,EG12553,633
2395,EG12554,432
2396,EG12555,807
2397,EG12556,1314
2398,EG12557,1122
2399,EG12558,747
2400,EG12559,546
2401,EG12561,981
2402,EG12562,1107
2403,EG12563,1344
2404,EG12564,831
2405,EG12565,393
2406,EG12566,912
2407,EG12567,1173
2408,EG12568,462
2409,EG12569,684
2410,EG12570,555
2411,EG12571,1179
2412,EG12572,861
2413,EG12573,768
2414,EG12574,1152
2415,EG12575,1281
2416,EG12576,1233
2417,EG12579,1413
2418,EG12580,165
2419,EG12584,342
2420,EG12585,204
2421,EG12586,2151
2422,EG12588,1362
2423,EG12589,915
2424,EG12590,1023
2425,EG12591,2292
2426,EG12592,771
2427,EG12593,726
2428,EG12594,678
2429,EG12595,789
2430,EG12596,1032
2431,EG12597,1074
2432,EG12598,780
2433,EG12599,864
2434,EG12600,513
2435,EG12601,141
2436,EG12603,330
2437,EG12604,987
2438,EG12605,363
2439,EG12606,1242
2440,EG12607,1521
2441,EG12608,591
2442,EG12609,660
2443,EG12612,1368
2444,EG12613,606
2445,EG12614,399
2446,EG12615,693
2447,EG12616,1029
2448,EG12617,2745
2449,EG12618,558
2450,EG12619,369
2451,EG12620,1248
2452,EG12621,456
2453,EG12622,1011
2454,EG12623,1677
2455,EG12624,291
2456,EG12625,1020
2457,EG12626,903
2458,EG12627,984
2459,EG12628,1005
2460,EG12629,528
2461,EG12630,996
2462,EG12631,1341
2463,EG12634,2667
2464,EG12636,189
2465,EG12637,411
2466,EG12642,852
2467,EG12644,375
2468,EG12651,1395
2469,EG12652,1221
2470,EG12653,354
2471,EG12656,582
2472,EG12657,315
2473,EG12659,567
2474,EG12661,741
2475,EG12662,675
2476,EG12663,726
2477,EG12664,294
2478,EG12665,417
2479,EG12666,723
2480,EG12667,591
2481,EG12668,1266
2482,EG12669,1119
2483,EG12670,246
2484,EG12671,267
2485,EG12672,507
2486,EG12674,435
2487,EG12675,450
2488,EG12676,2433
2489,EG12677,1215
2490,EG12678,933
2491,EG12679,885
2492,EG12680,801
2493,EG12682,933
2494,EG12683,429
2495,EG12684,612
2496,EG12685,981
2497,EG12686,3120
2498,EG12688,648
2499,EG12689,228
2500,EG12690,1344
2501,EG12691,1170
2502,EG12692,1089
2503,EG12693,579
2504,EG12694,933
2505,EG12695,606
2506,EG12697,522
2507,EG12698,498
2508,EG12699,1086
2509,EG12700,909
2510,EG12701,936
2511,EG12702,591
2512,EG12703,228
2513,EG12704,1008
2514,EG12705,720
2515,EG12707,324
2516,EG12708,522
2517,EG12709,918
2518,EG12710,696
2519,EG12712,516
2520,EG12713,882
2521,EG12715,1197
2522,EG12717,507
2523,EG12718,1380
2524,EG12719,333
2525,EG12720,1434
2526,EG12721,1071
2527,EG12722,2352
2528,EG12723,2019
2529,EG12724,417
2530,EG12725,315
2531,EG12726,1137
2532,EG12727,504
2533,EG12728,693
2534,EG12729,987
2535,EG12731,966
2536,EG12732,1245
2537,EG12733,552
2538,EG12734,1488
2539,EG12737,1413
2540,EG12738,1299
2541,EG12739,777
2542,EG12740,663
2543,EG12741,384
2544,EG12742,369
2545,EG12743,306
2546,EG12744,405
2547,EG12745,393
2548,EG12746,987
2549,EG12747,366
2550,EG12748,357
2551,EG12749,897
2552,EG12750,702
2553,EG12751,165
2554,EG12752,1311
2555,EG12754,1332
2556,EG12756,1365
2557,EG12757,390
2558,EG12758,2295
2559,EG12760,1335
2560,EG12761,465
2561,EG12762,810
2562,EG12763,1281
2563,EG12764,474
2564,EG12767,1155
2565,EG12768,861
2566,EG12769,477
2567,EG12770,804
2568,EG12771,792
2569,EG12772,756
2570,EG12773,585
2571,EG12774,696
2572,EG12775,2517
2573,EG12776,1092
2574,EG12777,861
2575,EG12778,2037
2576,EG12779,396
2577,EG12780,591
2578,EG12781,576
2579,EG12782,1041
2580,EG12783,636
2581,EG12784,519
2582,EG12785,444
2583,EG12786,303
2584,EG12788,504
2585,EG12789,525
2586,EG12790,996
2587,EG12791,879
2588,EG12792,1008
2589,EG12793,1626
2590,EG12794,294
2591,EG12795,1173
2592,EG12796,255
2593,EG12797,294
2594,EG12798,636
2595,EG12799,552
2596,EG12800,783
2597,EG12801,810
2598,EG12802,978
2599,EG12803,987
2600,EG12804,567
2601,EG12806,576
2602,EG12807,633
2603,EG12808,729
2604,EG12809,930
2605,EG12810,2382
2606,EG12812,717
2607,EG12813,1128
2608,EG12814,465
2609,EG12815,876
2610,EG12816,690
2611,EG12817,792
2612,EG12818,1368
2613,EG12819,1128
2614,EG12820,264
2615,EG12821,273
2616,EG12822,1968
2617,EG12823,933
2618,EG12824,204
2619,EG12825,930
2620,EG12826,1446
2621,EG12827,3801
2622,EG12830,162
2623,EG12831,243
2624,EG12832,180
2625,EG12833,222
2626,EG12835,1182
2627,EG12836,1104
2628,EG12837,759
2629,EG12838,555
2630,EG12839,258
2631,EG12840,573
2632,EG12841,543
2633,EG12842,288
2634,EG12843,378
2635,EG12844,252
2636,EG12845,285
2637,EG12850,3753
2638,EG12851,483
2639,EG12853,1527
2640,EG12854,792
2641,EG12855,453
2642,EG12857,324
2643,EG12859,1656
2644,EG12860,870
2645,EG12861,225
2646,EG12862,429
2647,EG12863,240
2648,EG12865,225
2649,EG12866,699
2650,EG12867,1158
2651,EG12868,252
2652,EG12869,258
2653,EG12870,1062
2654,EG12874,540
2655,EG12875,1284
2656,EG12876,330
2657,EG12877,630
2658,EG12878,330
2659,EG12879,213
2660,EG12880,1227
2661,EG12882,1860
2662,EG12883,1500
2663,EG12885,1197
2664,EG12886,438
2665,EG12887,510
2666,EG12888,1470
2667,EG12889,816
2668,EG12890,1953
2669,EG12891,1482
2670,EG12892,378
2671,EG12893,588
2672,EG12894,984
2673,EG12895,1164
2674,EG12896,288
2675,EG12897,360
2676,EG12898,387
2677,EG12899,723
2678,EG12900,813
2679,EG12901,921
2680,EG12902,555
2681,EG12903,1914
2682,EG12904,1023
2683,EG12905,219
2684,EG12906,2103
2685,EG12907,168
2686,EG12908,1338
2687,EG12909,1023
2688,EG12910,831
2689,EG12912,786
2690,EG12913,732
2691,EG12914,1086
2692,EG12915,1305
2693,EG12916,354
2694,EG12917,879
2695,EG12918,1227
2696,EG12919,1164
2697,EG12920,363
2698,EG12921,906
2699,EG12922,405
2700,EG12923,441
2701,EG12924,540
2702,EG12925,780
2703,EG12926,561
2704,EG12927,2136
2705,EG12928,669
2706,EG12929,402
2707,EG12930,879
2708,EG12931,1725
2709,EG12932,2322
2710,EG12933,237
2711,EG12934,684
2712,EG12935,576
2713,EG12936,3903
2714,EG12938,1017
2715,EG12939,1227
2716,EG12940,336
2717,EG12941,594
2718,EG12943,696
2719,EG12944,1038
2720,EG12945,489
2721,EG12946,1179
2722,EG12948,285
2723,EG12949,495
2724,EG12951,1254
2725,EG12952,405
2726,EG12953,765
2727,EG12954,624
2728,EG12955,1521
2729,EG12956,747
2730,EG12957,966
2731,EG12959,546
2732,EG12963,1440
2733,EG12965,1254
2734,EG12966,1641
2735,EG12967,621
2736,EG12969,1896
2737,EG12971,744
2738,EG12972,786
2739,EG12973,1479
2740,EG12974,897
2741,EG12976,1278
2742,EG12978,981
2743,EG12979,705
2744,EG12980,567
2745,EG12981,291
2746,EG12982,594
2747,EG12983,1137
2748,EG12984,276
2749,EG12986,1080
2750,EG12987,708
2751,EG12988,537
2752,EG12991,411
2753,EG12992,810
2754,EG12994,4563
2755,EG12995,1683
2756,EG12996,1053
2757,EG12997,1500
2758,EG12998,765
2759,EG13001,1068
2760,EG13002,759
2761,EG13003,714
2762,EG13004,693
2763,EG13005,867
2764,EG13006,1119
2765,EG13007,288
2766,EG13010,1041
2767,EG13011,495
2768,EG13013,957
2769,EG13014,1164
2770,EG13015,828
2771,EG13017,927
2772,EG13018,258
2773,EG13019,2220
2774,EG13021,1608
2775,EG13022,396
2776,EG13023,297
2777,EG13024,483
2778,EG13025,393
2779,EG13026,660
2780,EG13027,1350
2781,EG13028,333
2782,EG13031,291
2783,EG13033,1479
2784,EG13034,672
2785,EG13035,873
2786,EG13037,492
2787,EG13038,1377
2788,EG13039,219
2789,EG13048,756
2790,EG13049,2259
2791,EG13050,879
2792,EG13051,480
2793,EG13052,1779
2794,EG13053,1191
2795,EG13054,1197
2796,EG13055,1212
2797,EG13056,1386
2798,EG13057,933
2799,EG13058,1626
2800,EG13059,771
2801,EG13060,579
2802,EG13061,3099
2803,EG13062,1329
2804,EG13063,780
2805,EG13064,2871
2806,EG13065,1401
2807,EG13066,1320
2808,EG13067,1368
2809,EG13069,489
2810,EG13070,1920
2811,EG13071,1449
2812,EG13072,549
2813,EG13074,408
2814,EG13075,267
2815,EG13076,219
2816,EG13077,660
2817,EG13078,312
2818,EG13079,1440
2819,EG13081,228
2820,EG13082,1206
2821,EG13083,444
2822,EG13084,807
2823,EG13085,1098
2824,EG13086,1254
2825,EG13091,531
2826,EG13092,714
2827,EG13093,1041
2828,EG13096,837
2829,EG13097,1182
2830,EG13098,1230
2831,EG13099,633
2832,EG13100,810
2833,EG13101,483
2834,EG13102,657
2835,EG13103,768
2836,EG13104,909
2837,EG13105,1167
2838,EG13106,639
2839,EG13107,777
2840,EG13108,1365
2841,EG13109,1050
2842,EG13110,711
2843,EG13111,312
2844,EG13114,918
2845,EG13115,600
2846,EG13116,675
2847,EG13117,1092
2848,EG13118,483
2849,EG13119,1509
2850,EG13120,366
2851,EG13121,1272
2852,EG13122,261
2853,EG13123,576
2854,EG13124,861
2855,EG13125,780
2856,EG13126,1338
2857,EG13128,1455
2858,EG13130,786
2859,EG13132,756
2860,EG13133,765
2861,EG13134,1908
2862,EG13140,2274
2863,EG13141,1056
2864,EG13142,261
2865,EG13145,2445
2866,EG13146,579
2867,EG13147,768
2868,EG13148,741
2869,EG13149,750
2870,EG13150,498
2871,EG13151,294
2872,EG13152,399
2873,EG13153,453
2874,EG13154,279
2875,EG13155,603
2876,EG13156,1221
2877,EG13159,1257
2878,EG13160,765
2879,EG13161,936
2880,EG13164,132
2881,EG13165,216
2882,EG13167,1341
2883,EG13168,1341
2884,EG13169,1353
2885,EG13170,450
2886,EG13171,783
2887,EG13172,330
2888,EG13173,849
2889,EG13174,1278
2890,EG13175,504
2891,EG13176,459
2892,EG13177,957
2893,EG13178,480
2894,EG13179,1500
2895,EG13180,2640
2896,EG13181,423
2897,EG13182,267
2898,EG13183,3525
2899,EG13184,462
2900,EG13185,306
2901,EG13186,990
2902,EG13187,1266
2903,EG13189,723
2904,EG13190,720
2905,EG13191,336
2906,EG13192,291
2907,EG13193,477
2908,EG13194,957
2909,EG13195,1410
2910,EG13196,627
2911,EG13197,2190
2912,EG13198,1617
2913,EG13199,264
2914,EG13200,1074
2915,EG13201,372
2916,EG13202,864
2917,EG13203,822
2918,EG13204,702
2919,EG13205,444
2920,EG13206,468
2921,EG13209,1704
2922,EG13210,459
2923,EG13211,483
2924,EG13212,318
2925,EG13213,4581
2926,EG13215,261
2927,EG13216,819
2928,EG13217,1701
2929,EG13218,459
2930,EG13219,2142
2931,EG13220,1299
2932,EG13221,255
2933,EG13222,201
2934,EG13223,546
2935,EG13224,390
2936,EG13226,3990
2937,EG13227,789
2938,EG13228,966
2939,EG13230,954
2940,EG13231,996
2941,EG13232,231
2942,EG13233,174
2943,EG13234,1074
2944,EG13235,1977
2945,EG13236,2634
2946,EG13237,792
2947,EG13238,546
2948,EG13240,612
2949,EG13241,642
2950,EG13242,252
2951,EG13243,912
2952,EG13244,795
2953,EG13245,342
2954,EG13246,2505
2955,EG13247,933
2956,EG13248,1293
2957,EG13249,1872
2958,EG13250,372
2959,EG13251,399
2960,EG13252,696
2961,EG13253,573
2962,EG13254,390
2963,EG13256,408
2964,EG13257,459
2965,EG13258,918
2966,EG13259,678
2967,EG13260,780
2968,EG13261,855
2969,EG13262,810
2970,EG13263,2415
2971,EG13265,879
2972,EG13267,927
2973,EG13268,1221
2974,EG13270,696
2975,EG13271,912
2976,EG13272,591
2977,EG13273,1449
2978,EG13274,426
2979,EG13275,426
2980,EG13276,2430
2981,EG13277,1101
2982,EG13278,669
2983,EG13279,480
2984,EG13282,1164
2985,EG13283,1539
2986,EG13284,1146
2987,EG13285,330
2988,EG13286,246
2989,EG13287,411
2990,EG13288,525
2991,EG13289,564
2992,EG13290,417
2993,EG13291,1224
2994,EG13292,1014
2995,EG13293,1212
2996,EG13294,540
2997,EG13295,834
2998,EG13296,276
2999,EG13297,774
3000,EG13298,1197
3001,EG13299,768
3002,EG13300,963
3003,EG13301,828
3004,EG13302,558
3005,EG13304,1482
3006,EG13305,744
3007,EG13306,657
3008,EG13307,933
3009,EG13308,735
3010,EG13310,1047
3011,EG13311,1062
3012,EG13312,729
3013,EG13313,2448
3014,EG13314,1737
3015,EG13315,999
3016,EG13316,678
3017,EG13317,2283
3018,EG13318,261
3019,EG13319,927
3020,EG13320,2226
3021,EG13321,1584
3022,EG13322,468
3023,EG13323,1119
3024,EG13324,921
3025,EG13325,1593
3026,EG13326,1266
3027,EG13327,816
3028,EG13328,2433
3029,EG13329,762
3030,EG13330,756
3031,EG13331,723
3032,EG13332,786
3033,EG13334,771
3034,EG13335,318
3035,EG13336,459
3036,EG13337,444
3037,EG13338,822
3038,EG13339,864
3039,EG13340,894
3040,EG13342,1404
3041,EG13343,933
3042,EG13344,909
3043,EG13345,1968
3044,EG13346,1383
3045,EG13347,1611
3046,EG13348,237
3047,EG13349,759
3048,EG13351,1446
3049,EG13352,1311
3050,EG13353,909
3051,EG13354,564
3052,EG13355,1233
3053,EG13356,984
3054,EG13357,936
3055,EG13358,1236
3056,EG13359,216
3057,EG13360,477
3058,EG13361,297
3059,EG13362,423
3060,EG13363,858
3061,EG13364,747
3062,EG13370,3363
3063,EG13371,576
3064,EG13372,591
3065,EG13373,234
3066,EG13374,693
3067,EG13375,1134
3068,EG13376,1614
3069,EG13377,798
3070,EG13378,7077
3071,EG13382,717
3072,EG13383,1488
3073,EG13385,1533
3074,EG13386,447
3075,EG13387,222
3076,EG13388,369
3077,EG13389,375
3078,EG13391,330
3079,EG13392,930
3080,EG13393,825
3081,EG13394,4962
3082,EG13395,387
3083,EG13396,471
3084,EG13397,489
3085,EG13398,1260
3086,EG13399,1668
3087,EG13405,567
3088,EG13406,981
3089,EG13407,1167
3090,EG13408,435
3091,EG13409,468
3092,EG13410,651
3093,EG13411,390
3094,EG13412,417
3095,EG13413,834
3096,EG13414,333
3097,EG13415,1986
3098,EG13416,1434
3099,EG13418,1281
3100,EG13419,522
3101,EG13420,897
3102,EG13421,408
3103,EG13422,906
3104,EG13425,1659
3105,EG13426,900
3106,EG13427,1128
3107,EG13428,906
3108,EG13429,333
3109,EG13430,378
3110,EG13431,642
3111,EG13432,825
3112,EG13433,1026
3113,EG13434,543
3114,EG13435,633
3115,EG13436,258
3116,EG13437,963
3117,EG13438,1074
3118,EG13439,1200
3119,EG13440,702
3120,EG13441,1245
3121,EG13442,912
3122,EG13443,729
3123,EG13444,789
3124,EG13445,462
3125,EG13446,462
3126,EG13447,654
3127,EG13448,666
3128,EG13449,705
3129,EG13451,396
3130,EG13452,741
3131,EG13453,855
3132,EG13454,1140
3133,EG13455,891
3134,EG13456,1362
3135,EG13457,519
3136,EG13458,321
3137,EG13459,813
3138,EG13460,1203
3139,EG13461,1428
3140,EG13462,423
3141,EG13463,873
3142,EG13464,1062
3143,EG13465,999
3144,EG13466,1512
3145,EG13467,984
3146,EG13468,3282
3147,EG13469,1194
3148,EG13470,900
3149,EG13471,663
3150,EG13472,1872
3151,EG13473,1539
3152,EG13474,921
3153,EG13475,912
3154,EG13476,2349
3155,EG13477,1329
3156,EG13478,1326
3157,EG13479,384
3158,EG13480,1116
3159,EG13481,627
3160,EG13482,759
3161,EG13483,981
3162,EG13484,948
3163,EG13485,837
3164,EG13486,1044
3165,EG13487,1380
3166,EG13488,1077
3167,EG13489,273
3168,EG13490,486
3169,EG13491,855
3170,EG13492,747
3171,EG13493,1935
3172,EG13494,1284
3173,EG13495,1476
3174,EG13496,1491
3175,EG13497,504
3176,EG13498,447
3177,EG13499,822
3178,EG13500,1182
3179,EG13501,348
3180,EG13502,1026
3181,EG13503,249
3182,EG13504,360
3183,EG13505,639
3184,EG13506,924
3185,EG13507,1086
3186,EG13508,1446
3187,EG13509,1125
3188,EG13510,966
3189,EG13511,582
3190,EG13512,696
3191,EG13513,1911
3192,EG13514,345
3193,EG13515,300
3194,EG13516,1599
3195,EG13517,1557
3196,EG13523,978
3197,EG13524,300
3198,EG13525,450
3199,EG13528,738
3200,EG13529,429
3201,EG13530,567
3202,EG13531,1161
3203,EG13532,630
3204,EG13533,1221
3205,EG13534,903
3206,EG13535,747
3207,EG13537,1239
3208,EG13538,1464
3209,EG13539,879
3210,EG13540,552
3211,EG13541,1533
3212,EG13542,909
3213,EG13543,297
3214,EG13544,681
3215,EG13545,1386
3216,EG13546,1098
3217,EG13547,474
3218,EG13548,468
3219,EG13550,627
3220,EG13551,699
3221,EG13552,855
3222,EG13553,441
3223,EG13554,1401
3224,EG13556,957
3225,EG13557,2199
3226,EG13558,957
3227,EG13559,690
3228,EG13560,615
3229,EG13561,711
3230,EG13562,1644
3231,EG13563,2526
3232,EG13564,669
3233,EG13565,588
3234,EG13566,1140
3235,EG13567,444
3236,EG13568,2163
3237,EG13569,840
3238,EG13570,489
3239,EG13571,1218
3240,EG13572,1218
3241,EG13573,747
3242,EG13574,549
3243,EG13575,1395
3244,EG13576,1479
3245,EG13577,1281
3246,EG13578,894
3247,EG13579,594
3248,EG13580,1326
3249,EG13581,855
3250,EG13582,720
3251,EG13583,1428
3252,EG13584,696
3253,EG13585,669
3254,EG13586,933
3255,EG13587,498
3256,EG13588,606
3257,EG13589,864
3258,EG13590,1548
3259,EG13591,1419
3260,EG13593,951
3261,EG13594,1383
3262,EG13595,1050
3263,EG13596,816
3264,EG13597,246
3265,EG13598,672
3266,EG13599,276
3267,EG13600,1587
3268,EG13601,891
3269,EG13603,1452
3270,EG13604,1887
3271,EG13607,624
3272,EG13608,1095
3273,EG13609,1374
3274,EG13611,975
3275,EG13612,1863
3276,EG13613,492
3277,EG13614,1365
3278,EG13615,483
3279,EG13616,816
3280,EG13618,1455
3281,EG13619,1362
3282,EG13620,1302
3283,EG13621,1146
3284,EG13622,786
3285,EG13623,1236
3286,EG13624,1050
3287,EG13625,951
3288,EG13626,816
3289,EG13627,1527
3290,EG13628,552
3291,EG13629,798
3292,EG13630,456
3293,EG13631,291
3294,EG13633,384
3295,EG13634,216
3296,EG13635,498
3297,EG13636,462
3298,EG13637,294
3299,EG13638,411
3300,EG13639,207
3301,EG13642,1443
3302,EG13643,249
3303,EG13644,1119
3304,EG13645,1059
3305,EG13646,1659
3306,EG13647,978
3307,EG13648,708
3308,EG13649,1428
3309,EG13650,555
3310,EG13651,708
3311,EG13652,1452
3312,EG13653,1671
3313,EG13654,879
3314,EG13655,468
3315,EG13656,1041
3316,EG13657,1425
3317,EG13658,1176
3318,EG13659,1407
3319,EG13660,327
3320,EG13662,942
3321,EG13663,381
3322,EG13664,1053
3323,EG13665,1434
3324,EG13666,2262
3325,EG13667,909
3326,EG13668,705
3327,EG13669,714
3328,EG13670,957
3329,EG13671,1242
3330,EG13672,762
3331,EG13673,411
3332,EG13674,1107
3333,EG13675,1134
3334,EG13676,597
3335,EG13677,285
3336,EG13678,816
3337,EG13679,1209
3338,EG13680,537
3339,EG13681,1686
3340,EG13682,378
3341,EG13683,477
3342,EG13684,489
3343,EG13685,516
3344,EG13686,324
3345,EG13687,831
3346,EG13688,1014
3347,EG13689,1431
3348,EG13690,1002
3349,EG13691,969
3350,EG13692,1653
3351,EG13693,993
3352,EG13694,1116
3353,EG13695,1947
3354,EG13696,1233
3355,EG13697,1431
3356,EG13698,909
3357,EG13699,1761
3358,EG13700,693
3359,EG13701,1233
3360,EG13702,894
3361,EG13703,549
3362,EG13704,648
3363,EG13705,792
3364,EG13706,1146
3365,EG13707,960
3366,EG13708,576
3367,EG13709,540
3368,EG13710,702
3369,EG13711,2601
3370,EG13712,1071
3371,EG13713,543
3372,EG13714,516
3373,EG13715,543
3374,EG13716,1110
3375,EG13717,2109
3376,EG13718,1761
3377,EG13719,564
3378,EG13720,630
3379,EG13721,2154
3380,EG13722,663
3381,EG13723,414
3382,EG13724,318
3383,EG13725,1191
3384,EG13726,279
3385,EG13727,447
3386,EG13728,1140
3387,EG13729,2097
3388,EG13730,747
3389,EG13731,645
3390,EG13732,306
3391,EG13733,327
3392,EG13735,2046
3393,EG13736,930
3394,EG13737,747
3395,EG13738,498
3396,EG13739,1071
3397,EG13740,768
3398,EG13741,789
3399,EG13742,1428
3400,EG13743,423
3401,EG13744,1206
3402,EG13745,1314
3403,EG13746,951
3404,EG13747,591
3405,EG13748,606
3406,EG13749,897
3407,EG13750,1758
3408,EG13751,1293
3409,EG13752,924
3410,EG13753,1344
3411,EG13754,981
3412,EG13755,669
3413,EG13756,1149
3414,EG13757,537
3415,EG13758,1176
3416,EG13759,1962
3417,EG13760,417
3418,EG13761,1407
3419,EG13762,1146
3420,EG13763,1014
3421,EG13764,942
3422,EG13765,795
3423,EG13766,1425
3424,EG13767,174
3425,EG13768,234
3426,EG13769,450
3427,EG13770,519
3428,EG13772,1038
3429,EG13773,666
3430,EG13774,2103
3431,EG13775,1062
3432,EG13776,1500
3433,EG13777,618
3434,EG13778,213
3435,EG13779,570
3436,EG13780,846
3437,EG13784,285
3438,EG13786,927
3439,EG13787,987
3440,EG13788,897
3441,EG13789,1023
3442,EG13790,1551
3443,EG13791,582
3444,EG13792,2400
3445,EG13793,1383
3446,EG13794,1320
3447,EG13795,1158
3448,EG13796,1683
3449,EG13797,762
3450,EG13798,2280
3451,EG13799,915
3452,EG13800,504
3453,EG13801,531
3454,EG13804,1593
3455,EG13805,954
3456,EG13806,1536
3457,EG13807,1029
3458,EG13808,993
3459,EG13809,1023
3460,EG13810,876
3461,EG13811,291
3462,EG13812,759
3463,EG13813,915
3464,EG13814,948
3465,EG13815,360
3466,EG13816,927
3467,EG13817,1389
3468,EG13818,882
3469,EG13819,1116
3470,EG13820,687
3471,EG13821,1461
3472,EG13823,234
3473,EG13824,591
3474,EG13825,576
3475,EG13826,963
3476,EG13827,411
3477,EG13828,498
3478,EG13829,534
3479,EG13830,312
3480,EG13831,216
3481,EG13832,753
3482,EG13833,1050
3483,EG13834,306
3484,EG13837,174
3485,EG13838,204
3486,EG13839,327
3487,EG13840,342
3488,EG13841,711
3489,EG13842,306
3490,EG13843,2427
3491,EG13844,2424
3492,EG13845,618
3493,EG13846,855
3494,EG13847,615
3495,EG13848,1257
3496,EG13849,696
3497,EG13850,894
3498,EG13851,684
3499,EG13853,1329
3500,EG13854,495
3501,EG13855,591
3502,EG13856,801
3503,EG13857,387
3504,EG13858,693
3505,EG13859,1149
3506,EG13861,1128
3507,EG13862,414
3508,EG13863,1326
3509,EG13864,2019
3510,EG13865,2424
3511,EG13866,1359
3512,EG13867,987
3513,EG13869,939
3514,EG13870,738
3515,EG13871,555
3516,EG13872,492
3517,EG13873,312
3518,EG13874,534
3519,EG13875,1422
3520,EG13876,1158
3521,EG13877,213
3522,EG13878,1209
3523,EG13879,924
3524,EG13880,1536
3525,EG13881,543
3526,EG13882,693
3527,EG13883,2604
3528,EG13884,984
3529,EG13885,324
3530,EG13886,732
3531,EG13887,1212
3532,EG13888,1524
3533,EG13891,369
3534,EG13892,402
3535,EG13893,294
3536,EG13894,660
3537,EG13895,462
3538,EG13896,1737
3539,EG13897,612
3540,EG13898,915
3541,EG13899,735
3542,EG13900,633
3543,EG13901,1071
3544,EG13902,1920
3545,EG13903,2868
3546,EG13904,309
3547,EG13905,750
3548,EG13906,729
3549,EG13907,1386
3550,EG13908,1419
3551,EG13909,765
3552,EG13910,1680
3553,EG13911,1293
3554,EG13912,882
3555,EG13913,843
3556,EG13914,1053
3557,EG13915,789
3558,EG13916,1056
3559,EG13917,2268
3560,EG13918,660
3561,EG13920,999
3562,EG13921,1398
3563,EG13922,921
3564,EG13923,900
3565,EG13924,1032
3566,EG13925,822
3567,EG13926,330
3568,EG13927,366
3569,EG13928,1035
3570,EG13929,945
3571,EG13930,1383
3572,EG13931,1041
3573,EG13932,441
3574,EG13933,582
3575,EG13934,579
3576,EG13935,2223
3577,EG13936,1059
3578,EG13937,621
3579,EG13938,696
3580,EG13939,1503
3581,EG13940,864
3582,EG13942,1110
3583,EG13943,237
3584,EG13944,858
3585,EG13945,2013
3586,EG13946,240
3587,EG13947,600
3588,EG13948,459
3589,EG13949,816
3590,EG13950,1170
3591,EG13951,1257
3592,EG13952,306
3593,EG13953,1605
3594,EG13954,813
3595,EG13955,786
3596,EG13956,2103
3597,EG13957,648
3598,EG13958,669
3599,EG13959,627
3600,EG13960,210
3601,EG13961,417
3602,EG13962,1221
3603,EG13963,1272
3604,EG13964,747
3605,EG13965,1488
3606,EG13967,189
3607,EG13968,411
3608,EG13969,3057
3609,EG13970,1113
3610,EG13971,357
3611,EG13972,1215
3612,EG13973,1266
3613,EG13974,1152
3614,EG13975,912
3615,EG13976,765
3616,EG13977,939
3617,EG13978,1290
3618,EG13979,294
3619,EG13980,1437
3620,EG13981,714
3621,EG13984,759
3622,EG13985,291
3623,EG13986,861
3624,EG13987,537
3625,EG13988,669
3626,EG13989,591
3627,EG13990,1392
3628,EG13991,804
3629,EG13992,243
3630,EG13993,888
3631,EG13994,576
3632,EG13995,969
3633,EG13996,1344
3634,EG13997,1479
3635,EG13998,1035
3636,EG13999,1221
3637,EG14000,711
3638,EG14001,678
3639,EG14002,708
3640,EG14003,549
3641,EG14004,1167
3642,EG14005,1536
3643,EG14006,654
3644,EG14007,1308
3645,EG14008,621
3646,EG14009,408
3647,EG14010,273
3648,EG14011,1041
3649,EG14012,567
3650,EG14013,393
3651,EG14014,288
3652,EG14015,1005
3653,EG14016,90
3654,EG14018,792
3655,EG14019,1374
3656,EG14020,498
3657,EG14021,1284
3658,EG14022,2634
3659,EG14023,1440
3660,EG14024,237
3661,EG14025,192
3662,EG14026,657
3663,EG14027,342
3664,EG14028,873
3665,EG14029,375
3666,EG14030,657
3667,EG14031,663
3668,EG14032,396
3669,EG14033,744
3670,EG14034,972
3671,EG14035,1149
3672,EG14036,324
3673,EG14037,669
3674,EG14038,987
3675,EG14039,816
3676,EG14040,1695
3677,EG14041,366
3678,EG14044,1359
3679,EG14045,672
3680,EG14046,414
3681,EG14047,1005
3682,EG14048,636
3683,EG14049,651
3684,EG14050,531
3685,EG14051,1584
3686,EG14052,1947
3687,EG14053,462
3688,EG14054,762
3689,EG14055,660
3690,EG14056,1248
3691,EG14057,3123
3692,EG14058,3078
3693,EG14059,333
3694,EG14060,1362
3695,EG14061,318
3696,EG14062,1053
3697,EG14063,1278
3698,EG14064,1005
3699,EG14065,966
3700,EG14066,747
3701,EG14067,819
3702,EG14068,801
3703,EG14069,789
3704,EG14070,273
3705,EG14071,825
3706,EG14072,339
3707,EG14073,240
3708,EG14074,1239
3709,EG14075,714
3710,EG14076,567
3711,EG14077,1557
3712,EG14078,777
3713,EG14079,1650
3714,EG14082,624
3715,EG14083,804
3716,EG14084,1290
3717,EG14085,1206
3718,EG14086,783
3719,EG14087,1203
3720,EG14088,543
3721,EG14089,1140
3722,EG14090,969
3723,EG14091,1983
3724,EG14092,891
3725,EG14093,1653
3726,EG14094,387
3727,EG14095,1728
3728,EG14096,972
3729,EG14097,504
3730,EG14098,717
3731,EG14099,423
3732,EG14100,849
3733,EG14101,1218
3734,EG14102,600
3735,EG14103,1833
3736,EG14104,651
3737,EG14105,495
3738,EG14106,456
3739,EG14107,543
3740,EG14108,555
3741,EG14109,645
3742,EG14110,648
3743,EG14111,894
3744,EG14112,891
3745,EG14113,1179
3746,EG14114,2007
3747,EG14115,279
3748,EG14116,549
3749,EG14117,552
3750,EG14118,822
3751,EG14119,540
3752,EG14120,489
3753,EG14121,513
3754,EG14122,753
3755,EG14125,564
3756,EG14126,486
3757,EG14127,2145
3758,EG14128,1311
3759,EG14129,285
3760,EG14130,1059
3761,EG14131,363
3762,EG14132,921
3763,EG14133,1332
3764,EG14135,441
3765,EG14138,363
3766,EG14139,825
3767,EG14140,537
3768,EG14141,363
3769,EG14142,306
3770,EG14143,1695
3771,EG14144,945
3772,EG14145,1251
3773,EG14146,636
3774,EG14147,243
3775,EG14148,1698
3776,EG14149,735
3777,EG14150,858
3778,EG14151,2496
3779,EG14152,1038
3780,EG14153,1086
3781,EG14154,1248
3782,EG14155,327
3783,EG14156,1257
3784,EG14157,1239
3785,EG14158,495
3786,EG14159,927
3787,EG14160,735
3788,EG14161,858
3789,EG14162,897
3790,EG14163,1425
3791,EG14164,1305
3792,EG14165,900
3793,EG14166,576
3794,EG14167,450
3795,EG14168,426
3796,EG14169,987
3797,EG14170,501
3798,EG14171,660
3799,EG14172,1209
3800,EG14173,642
3801,EG14174,246
3802,EG14175,369
3803,EG14176,417
3804,EG14177,594
3805,EG14178,378
3806,EG14179,393
3807,EG14180,810
3808,EG14181,1404
3809,EG14182,1227
3810,EG14183,1188
3811,EG14184,837
3812,EG14185,1404
3813,EG14186,288
3814,EG14187,294
3815,EG14188,1017
3816,EG14189,804
3817,EG14190,702
3818,EG14191,480
3819,EG14192,336
3820,EG14193,2280
3821,EG14194,1044
3822,EG14195,699
3823,EG14196,2016
3824,EG14197,864
3825,EG14198,1239
3826,EG14199,1464
3827,EG14200,360
3828,EG14201,702
3829,EG14202,2244
3830,EG14203,192
3831,EG14204,519
3832,EG14205,540
3833,EG14206,216
3834,EG14207,1473
3835,EG14208,1179
3836,EG14209,621
3837,EG14210,2313
3838,EG14211,948
3839,EG14212,1440
3840,EG14213,651
3841,EG14214,1581
3842,EG14215,1668
3843,EG14216,546
3844,EG14217,759
3845,EG14218,414
3846,EG14219,2013
3847,EG14220,849
3848,EG14221,1062
3849,EG14222,738
3850,EG14223,699
3851,EG14224,2661
3852,EG14225,519
3853,EG14226,792
3854,EG14229,750
3855,EG14230,1065
3856,EG14231,630
3857,EG14232,1662
3858,EG14233,1374
3859,EG14234,333
3860,EG14235,1224
3861,EG14237,1551
3862,EG14238,471
3863,EG14239,552
3864,EG14240,3363
3865,EG14241,321
3866,EG14243,213
3867,EG14244,405
3868,EG14245,246
3869,EG14247,342
3870,EG14248,309
3871,EG14249,675
3872,EG14250,558
3873,EG14251,339
3874,EG14255,585
3875,EG14256,330
3876,EG14257,882
3877,EG14260,918
3878,EG14261,1212
3879,EG14262,1128
3880,EG14263,363
3881,EG14264,951
3882,EG14265,918
3883,EG14266,417
3884,EG14267,405
3885,EG14268,696
3886,EG14269,1209
3887,EG14270,756
3888,EG14271,783
3889,EG14272,942
3890,EG14273,2079
3891,EG14274,810
3892,EG14275,441
3893,EG14276,756
3894,EG14278,237
3895,EG14279,309
3896,EG14280,213
3897,EG14281,213
3898,EG14283,240
3899,EG14284,330
3900,EG14286,171
3901,EG14287,183
3902,EG14288,237
3903,EG14289,273
3904,EG14290,267
3905,EG14291,249
3906,EG14292,330
3907,EG14293,393
3908,EG14294,258
3909,EG14295,246
3910,EG14296,264
3911,EG14298,186
3912,EG14299,288
3913,EG14300,231
3914,EG14301,216
3915,EG14302,153
3916,EG14303,216
3917,EG14304,255
3918,EG14305,183
3919,EG14306,180
3920,EG14307,183
3921,EG14313,159
3922,EG14314,300
3923,EG14316,489
3924,EG14319,474
3925,EG14320,1080
3926,EG14321,816
3927,EG14322,516
3928,EG14323,330
3929,EG14324,591
3930,EG14325,228
3931,EG14326,264
3932,EG14328,150
3933,EG14329,114
3934,EG14330,201
3935,EG14331,477
3936,EG14332,222
3937,EG14333,342
3938,EG14334,141
3939,EG14335,255
3940,EG14336,183
3941,EG14337,414
3942,EG14338,255
3943,EG14340,714
3944,EG14341,219
3945,EG14342,174
3946,EG14343,279
3947,EG14344,336
3948,EG14345,147
3949,EG14350,204
3950,EG14351,168
3951,EG14353,219
3952,EG14354,141
3953,EG14355,102
3954,EG14356,255
3955,EG14358,174
3956,EG14363,201
3957,EG14364,201
3958,EG14366,219
3959,EG14367,900
3960,EG14372,126
3961,EG14373,960
3962,EG14374,1782
3963,EG14375,255
3964,EG14376,276
3965,EG14379,237
3966,EG14380,183
3967,EG14381,186
3968,EG14382,144
3969,EG14383,144
3970,EG14384,297
3971,EG14385,327
3972,EG14386,219
3973,EG14387,228
3974,EG14388,156
3975,EG14389,126
3976,EG14393,174
3977,EG14394,96
3978,EG14395,96
3979,EG14396,60
3980,EG14397,210
3981,EG14398,162
3982,EG14399,201
3983,EG14400,300
3984,EG14401,276
3985,EG14402,90
3986,EG14403,108
3987,EG14404,108
3988,EG14405,108
3989,EG14406,108
3990,EG14407,330
3991,EG14411,201
3992,EG14413,321
3993,EG14414,201
3994,EG14415,345
3995,EG14417,105
3996,EG14421,177
3997,EG14422,234
3998,EG14423,108
3999,EG14424,240
4000,EG14426,108
4001,EG14429,294
4002,EG14430,258
4003,EG14431,84
4004,EG14432,141
4005,EG14444,195
4006,EG14449,174
4007,EG14450,186
4008,EG14451,480
4009,EG14459,279
4010,EG14460,174
4011,EG14462,84
4012,EG14463,165
4013,EG14464,126
4014,EG14465,87
4015,EG14466,198
4016,EG14467,132
4017,EG14468,87
4018,EG14469,60
4019,EG14470,60
4020,EG14471,60
4021,EG14472,60
4022,EG14473,57
4023,EG14474,51
4024,EG14475,54
4025,EG14476,102
4026,EG14477,105
4027,EG14479,66
4028,EG14480,75
4029,EG14481,99
4030,EG14482,66
4031,EG14483,63
4032,EG14484,84
4033,EG14485,72
4034,EG14487,141
4035,EG14488,81
4036,EG14489,126
4037,EG14490,81
4038,EG14491,111
4039,EG14493,255
4040,EG14494,81
4041,EG14498,54
4042,EG14499,90
4043,EG14500,129
4044,EG14501,66
4045,EG20005,232
4046,EG20044,1287
4047,EG20050,1149
4048,EG20080,2172
4049,EG20091,1020
4050,EG20098,537
4051,EG20110,1806
4052,EG20145,1491
4053,EG20151,654
4054,EG20173,2145
4055,EG20205,1317
4056,EG20227,978
4057,EG20248,1461
4058,EG20249,774
4059,EG20250,834
4060,EG20252,993
4061,EG20253,1179
4062,EG20254,1644
4063,EG20255,966
4064,EG20256,891
4065,EG20257,2145
4066,EG20260,168
4067,EG20263,660
4068,EG20264,699
4069,EG20265,1098
4070,EG20266,1374
4071,EG20267,444
4072,EG20268,1128
4073,EG20273,1665
4074,EG20274,945
4075,EG20275,867
4076,EG20276,834
4077,EG20283,363
4078,EG30008,76
4079,EG30009,76
4080,EG30010,76
4081,EG30011,76
4082,EG30012,76
4083,EG30013,77
4084,EG30014,77
4085,EG30015,77
4086,EG30016,75
4087,EG30017,77
4088,EG30018,77
4089,EG30019,77
4090,EG30020,76
4091,EG30021,76
4092,EG30022,76
4093,EG30023,77
4094,EG30024,77
4095,EG30025,77
4096,EG30026,74
4097,EG30027,114
4098,EG30028,75
4099,EG30029,75
4100,EG30030,75
4101,EG30031,75
4102,EG30032,76
4103,EG30033,76
4104,EG30034,76
4105,EG30035,76
4106,EG30036,75
4107,EG30037,74
4108,EG30038,76
4109,EG30039,76
4110,EG30040,76
4111,EG30041,76
4112,EG30042,77
4113,EG30043,77
4114,EG30044,77
4115,EG30045,77
4116,EG30046,76
4117,EG30047,87
4118,EG30048,87
4119,EG30049,87
4120,EG30050,87
4121,EG30051,87
4122,EG30052,85
4123,EG30053,85
4124,EG30054,87
4125,EG30055,76
4126,EG30056,76
4127,EG30057,76
4128,EG30058,77
4129,EG30059,77
4130,EG30060,77
4131,EG30061,77
4132,EG30062,77
4133,EG30063,93
4134,EG30064,76
4135,EG30065,76
4136,EG30066,77
4137,EG30067,77
4138,EG30068,77
4139,EG30069,377
4140,EG30070,120
4141,EG30071,120
4142,EG30072,120
4143,EG30073,120
4144,EG30074,120
4145,EG30075,120
4146,EG30076,120
4147,EG30077,2905
4148,EG30078,2904
4149,EG30079,2904
4150,EG30080,2904
4151,EG30081,2904
4152,EG30082,2904
4153,EG30083,2904
4154,EG30084,1542
4155,EG30085,1542
4156,EG30086,1542
4157,EG30087,1542
4158,EG30088,1542
4159,EG30089,1542
4160,EG30090,1542
4161,EG30091,120
4162,EG30092,95
4163,EG30093,88
4164,EG30094,90
4165,EG30095,93
4166,EG30096,88
4167,EG30097,88
4168,EG30098,109
4169,EG30099,183
4170,EG30100,363
4171,EG30101,76
4172,EG30102,76
4173,EG30103,76
4174,EG30104,76
4175,EG30105,76
4176,EG30106,85
4177,EG30107,85
4178,EG30108,85
4179,EG30109,76
4180,EG30110,76
4181,EG30111,77
4182,EG30112,77
4183,EG30113,76
4184,EG30114,76
4185,EG31115,53
4186,EG31116,110
4187,EG31117,77
4188,EG31118,87
4189,EG31119,369
4190,EG31120,76
4191,EG31121,76
4192,EG31122,76
4193,EG31123,76
4194,EG31124,76
4195,EG31125,76
4196,EG31127,56
4197,EG31128,55
4198,EG31129,206
4199,EG31130,106
4200,EG31131,171
4201,EG31133,90
4202,EG31134,245
4203,EG31135,136
4204,EG31137,79
4205,EG31138,169
4206,EG31139,67
4207,EG31140,66
4208,EG31141,68
4209,EG31142,66
4210,EG31143,96
4211,EG31144,109
4212,EG31145,68
4213,EG31146,249
4214,EG31147,121
4215,EG31149,227
4216,EG31150,195
4217,EG31151,143
4218,EG31152,136
4219,EG31153,87
4220,EG31154,304
4221,EG31155,184
4222,EG31156,78
4223,EG31157,88
4224,EG31158,82
4225,EG31159,140
4226,EG31160,143
4227,EG31162,174
4228,EG31163,121
4229,EG31164,105
4230,EG31165,207
4231,EG31166,140
4232,EG31167,140
4233,EG31168,64
4234,EG31169,142
4235,EG31170,91
4236,EG31175,84
4237,EG31178,77
4238,EG31179,143
4239,EG31180,77
4240,EG31181,90
4241,EG31182,161
4242,EG31183,75
4243,EG31184,98
4244,EG31185,122
4245,EG31186,59
4246,EG31187,56
4247,EG31188,69
4248,EG31189,84
4249,EG31190,84
4250,EG31191,252
4251,EG31192,180
4252,EG40001,276
4253,EG40002,504
4254,EG40003,366
4255,EG40004,906
4256,EG40005,300
4257,EG40006,867
4258,EG40007,1329
4259,EG40008,981
4260,EG40009,1152
4261,EG40010,522
4262,EG40011,852
4263,EG40012,1113
4264,EG50001,312
4265,EG50002,258
4266,EG50003,237
4267,EG50004,168
4268,EG50006,1362
4269,EG50007,888
4270,EG50009,1401
4271,EG50010,1110
4272,EG50011,849
4273,EG60006,504
4274,EG60007,276
4275,EG60008,504
4276,EG60009,276
4277,EG60014,867
4278,EG60015,300
4279,EG60016,300
4280,EG60017,867
4281,EG60018,981
4282,EG60019,1113
4283,EG60020,981
4284,EG60021,276
4285,EG60022,504
4286,EG60023,867
4287,EG60024,300
4288,EG60025,981
4289,EG60026,981
4290,EG60027,906
4291,EG60028,366
4292,EG60029,1152
4293,EG60030,504
4294,EG60031,276
4295,EG60032,981
4296,EG60033,906
4297,EG60034,366
4298,EG60035,981
4299,EG60036,300
4300,EG60037,867
4301,EG60038,981
4302,EG60039,1113
4303,EG60040,906
4304,EG60041,366
4305,EG60042,981
4306,EG60043,366
4307,EG60044,906
4308,EG60045,981
4309,EG60046,276
4310,EG60047,504
4311,EG60048,981
4312,EG60049,366
4313,EG60050,906
4314,EG60051,1152
4315,EG60052,276
4316,EG60056,276
4317,EG60057,504
4318,EG60058,981
